-- MySQL Script generated by MySQL Workbench
-- Thu Aug 12 14:30:07 2021
-- Model: New Model    Version: 1.0
-- MySQL Workbench Forward Engineering

SET @OLD_UNIQUE_CHECKS=@@UNIQUE_CHECKS, UNIQUE_CHECKS=0;
SET @OLD_FOREIGN_KEY_CHECKS=@@FOREIGN_KEY_CHECKS, FOREIGN_KEY_CHECKS=0;
SET @OLD_SQL_MODE=@@SQL_MODE, SQL_MODE='ONLY_FULL_GROUP_BY,STRICT_TRANS_TABLES,NO_ZERO_IN_DATE,NO_ZERO_DATE,ERROR_FOR_DIVISION_BY_ZERO,NO_ENGINE_SUBSTITUTION';

-- -----------------------------------------------------
-- Schema Music_store_online
-- -----------------------------------------------------
DROP SCHEMA IF EXISTS `Music_store_online` ;

-- -----------------------------------------------------
-- Schema Music_store_online
-- -----------------------------------------------------
CREATE SCHEMA IF NOT EXISTS `Music_store_online` ;
USE `Music_store_online` ;

-- -----------------------------------------------------
-- Table `Music_store_online`.`Genre`
-- -----------------------------------------------------
DROP TABLE IF EXISTS `Music_store_online`.`Genre` ;

CREATE TABLE IF NOT EXISTS `Music_store_online`.`Genre` (
  `Genre_id` INT NOT NULL AUTO_INCREMENT,
  `Genre_name` VARCHAR(45) NOT NULL,
  PRIMARY KEY (`Genre_id`))
ENGINE = InnoDB;


-- -----------------------------------------------------
-- Table `Music_store_online`.`Albums`
-- -----------------------------------------------------
DROP TABLE IF EXISTS `Music_store_online`.`Albums` ;

CREATE TABLE IF NOT EXISTS `Music_store_online`.`Albums` (
  `Album_id` INT NOT NULL,
  `Name` VARCHAR(45) NOT NULL,
  `Description` VARCHAR(455) NOT NULL,
  `Price` DECIMAL(10,2) NOT NULL,
  `Discount_percent` DECIMAL(10,2) NOT NULL,
  `Release_date` DATETIME NOT NULL,
  `Genre_Genre_id` INT NOT NULL,
  PRIMARY KEY (`Album_id`),
  INDEX `fk_Albums_Genre1_idx` (`Genre_Genre_id` ASC) ,
  CONSTRAINT `fk_Albums_Genre1`
    FOREIGN KEY (`Genre_Genre_id`)
    REFERENCES `Music_store_online`.`Genre` (`Genre_id`)
    ON DELETE NO ACTION
    ON UPDATE NO ACTION)
ENGINE = InnoDB;



-- -----------------------------------------------------
-- Table `Music_store_online`.`customers`
-- -----------------------------------------------------
DROP TABLE IF EXISTS `Music_store_online`.`customers` ;

CREATE TABLE IF NOT EXISTS `Music_store_online`.`customers` (
  `Customer_id` INT NOT NULL,
  `Phone_no` VARCHAR(15) NOT NULL,
  `Transaction_ID` VARCHAR(45) NOT NULL,
  `Email` VARCHAR(45) NOT NULL,
  `First_name` VARCHAR(45) NOT NULL,
  `Last_name` VARCHAR(45) NOT NULL,
  PRIMARY KEY (`Customer_id`),
  UNIQUE INDEX `idcustomer_UNIQUE` (`Customer_id` ASC) ,
  UNIQUE INDEX `Email_UNIQUE` (`Email` ASC) ,
  UNIQUE INDEX `PhoneNo_UNIQUE` (`Phone_no` ASC) )
ENGINE = InnoDB;


-- -----------------------------------------------------
-- Table `Music_store_online`.`Orders`
-- -----------------------------------------------------
DROP TABLE IF EXISTS `Music_store_online`.`Orders` ;

CREATE TABLE IF NOT EXISTS `Music_store_online`.`Orders` (
  `Order_id` INT NOT NULL,
  `Order_date` DATETIME NOT NULL,
  `Order_amount` DECIMAL(10,2) NOT NULL,
  `Tax_amount` DECIMAL(10,2) NOT NULL,
  `Ship_date` DATETIME NULL,
  `Card_number` CHAR(16) NOT NULL,
  `Discount_percentage` INT NULL DEFAULT 0,
  `Customer_idcustomer` INT NOT NULL,
  PRIMARY KEY (`Order_id`),
  INDEX `fk_Orders_customer1_idx` (`Customer_idcustomer` ASC) ,
  CONSTRAINT `fk_Orders_customer1`
    FOREIGN KEY (`Customer_idcustomer`)
    REFERENCES `Music_store_online`.`customers` (`Customer_id`)
    ON DELETE NO ACTION
    ON UPDATE NO ACTION)
ENGINE = InnoDB;

-- -----------------------------------------------------
-- Table `Music_store_online`.`artist`
-- -----------------------------------------------------
DROP TABLE IF EXISTS `Music_store_online`.`artist` ;

CREATE TABLE IF NOT EXISTS `Music_store_online`.`artist` (
  `Artist_id` INT NOT NULL,
  `Name` VARCHAR(45) NOT NULL,
  PRIMARY KEY (`Artist_id`))
ENGINE = InnoDB;



-- -----------------------------------------------------
-- Table `Music_store_online`.`Instrument`
-- -----------------------------------------------------
DROP TABLE IF EXISTS `Music_store_online`.`Instrument` ;

CREATE TABLE IF NOT EXISTS `Music_store_online`.`Instrument` (
  `Instrument_id` INT NOT NULL,
  `Instrument_Name` VARCHAR(45) NOT NULL,
  PRIMARY KEY (`Instrument_id`))
ENGINE = InnoDB;



-- -----------------------------------------------------
-- Table `Music_store_online`.`artist_has_Albums`
-- -----------------------------------------------------
DROP TABLE IF EXISTS `Music_store_online`.`artist_has_Albums` ;

CREATE TABLE IF NOT EXISTS `Music_store_online`.`artist_has_Albums` (
  `Artist_idartist` INT NOT NULL,
  `Albums_Album_id` INT NOT NULL,
  `No_of_albums` INT NOT NULL,
  PRIMARY KEY (`Artist_idartist`, `Albums_Album_id`),
  INDEX `fk_artist_has_Albums_Albums1_idx` (`Albums_Album_id` ASC) ,
  INDEX `fk_artist_has_Albums_artist1_idx` (`Artist_idartist` ASC) ,
  CONSTRAINT `fk_artist_has_Albums_artist1`
    FOREIGN KEY (`Artist_idartist`)
    REFERENCES `Music_store_online`.`artist` (`Artist_id`)
    ON DELETE NO ACTION
    ON UPDATE NO ACTION,
  CONSTRAINT `fk_artist_has_Albums_Albums1`
    FOREIGN KEY (`Albums_Album_id`)
    REFERENCES `Music_store_online`.`Albums` (`Album_id`)
    ON DELETE NO ACTION
    ON UPDATE NO ACTION)
ENGINE = InnoDB;


-- -----------------------------------------------------
-- Table `Music_store_online`.`Instrument_has_Albums`
-- -----------------------------------------------------
DROP TABLE IF EXISTS `Music_store_online`.`Instrument_has_Albums` ;

CREATE TABLE IF NOT EXISTS `Music_store_online`.`Instrument_has_Albums` (
  `Instrument_idInstrument` INT NOT NULL,
  `Albums_Album_id` INT NOT NULL,
  PRIMARY KEY (`Instrument_idInstrument`, `Albums_Album_id`),
  INDEX `fk_Instrument_has_Albums_Albums1_idx` (`Albums_Album_id` ASC) ,
  INDEX `fk_Instrument_has_Albums_Instrument1_idx` (`Instrument_idInstrument` ASC) ,
  CONSTRAINT `fk_Instrument_has_Albums_Instrument1`
    FOREIGN KEY (`Instrument_idInstrument`)
    REFERENCES `Music_store_online`.`Instrument` (`Instrument_id`)
    ON DELETE NO ACTION
    ON UPDATE NO ACTION,
  CONSTRAINT `fk_Instrument_has_Albums_Albums1`
    FOREIGN KEY (`Albums_Album_id`)
    REFERENCES `Music_store_online`.`Albums` (`Album_id`)
    ON DELETE NO ACTION
    ON UPDATE NO ACTION)
ENGINE = InnoDB;


-- -----------------------------------------------------
-- Table `Music_store_online`.`Order_items`
-- -----------------------------------------------------
DROP TABLE IF EXISTS `Music_store_online`.`Order_items` ;

CREATE TABLE IF NOT EXISTS `Music_store_online`.`Order_items` (
  `Item_id` INT NOT NULL AUTO_INCREMENT,
  `No_of_samples` INT NOT NULL,
  `Albums_Album_id` INT NOT NULL,
  `Orders_idOrders` INT NOT NULL,
  `Item_price` DECIMAL(10,2) NOT NULL,
  INDEX `fk_Albums_has_Orders_Orders1_idx` (`Orders_idOrders` ASC) ,
  INDEX `fk_Albums_has_Orders_Albums1_idx` (`Albums_Album_id` ASC) ,
  PRIMARY KEY (`Item_id`),
  CONSTRAINT `fk_Albums_has_Orders_Albums1`
    FOREIGN KEY (`Albums_Album_id`)
    REFERENCES `Music_store_online`.`Albums` (`Album_id`)
    ON DELETE NO ACTION
    ON UPDATE NO ACTION,
  CONSTRAINT `fk_Albums_has_Orders_Orders1`
    FOREIGN KEY (`Orders_idOrders`)
    REFERENCES `Music_store_online`.`Orders` (`Order_id`)
    ON DELETE NO ACTION
    ON UPDATE NO ACTION)
ENGINE = InnoDB;


-- -----------------------------------------------------
-- Table `Music_store_online`.`Address`
-- -----------------------------------------------------
DROP TABLE IF EXISTS `Music_store_online`.`Address` ;

CREATE TABLE IF NOT EXISTS `Music_store_online`.`Address` (
  `Address_id` INT NOT NULL,
  `Line_1` VARCHAR(50) NOT NULL,
  `Line_2` VARCHAR(45) NULL,
  `City` VARCHAR(45) NOT NULL,
  `Province` VARCHAR(2) NOT NULL,
  `Country` VARCHAR(45) NOT NULL,
  `Postal_code` VARCHAR(45) NOT NULL,
  `Customers_Customer_id` INT NOT NULL,
  PRIMARY KEY (`Address_id`),
  UNIQUE INDEX `idAddress_UNIQUE` (`Address_id` ASC) ,
  INDEX `fk_Address_customers1_idx` (`Customers_Customer_id` ASC) ,
  CONSTRAINT `fk_Address_customers1`
    FOREIGN KEY (`Customers_Customer_id`)
    REFERENCES `Music_store_online`.`customers` (`Customer_id`)
    ON DELETE NO ACTION
    ON UPDATE NO ACTION)
ENGINE = InnoDB;

SET SQL_MODE=@OLD_SQL_MODE;
SET FOREIGN_KEY_CHECKS=@OLD_FOREIGN_KEY_CHECKS;
SET UNIQUE_CHECKS=@OLD_UNIQUE_CHECKS;

INSERT INTO `music_store_online`.`genre` (`Genre_id`, `Genre_name`) VALUES ('1', 'pop music');
INSERT INTO `music_store_online`.`genre` (`Genre_id`, `Genre_name`) VALUES ('2', 'Rock');
INSERT INTO `music_store_online`.`genre` (`Genre_id`, `Genre_name`) VALUES ('3', 'Jazz');
INSERT INTO `music_store_online`.`genre` (`Genre_id`, `Genre_name`) VALUES ('4', 'Hip hop music');
INSERT INTO `music_store_online`.`genre` (`Genre_id`, `Genre_name`) VALUES ('5', 'folk');
INSERT INTO `music_store_online`.`genre` (`Genre_id`, `Genre_name`) VALUES ('6', 'country music');
INSERT INTO `music_store_online`.`genre` (`Genre_id`, `Genre_name`) VALUES ('7', 'Clasical');
INSERT INTO `music_store_online`.`genre` (`Genre_id`, `Genre_name`) VALUES ('8', 'disco');
INSERT INTO `music_store_online`.`genre` (`Genre_id`, `Genre_name`) VALUES ('9', 'Grunge');
INSERT INTO `music_store_online`.`genre` (`Genre_id`, `Genre_name`) VALUES ('10', 'pop rock');
INSERT INTO `music_store_online`.`genre` (`Genre_id`, `Genre_name`) VALUES ('11', 'progressive rock');
INSERT INTO `music_store_online`.`genre` (`Genre_id`, `Genre_name`) VALUES ('12', 'k-pop');
INSERT INTO `music_store_online`.`genre` (`Genre_id`, `Genre_name`) VALUES ('13', 'punk');
INSERT INTO `music_store_online`.`genre` (`Genre_id`, `Genre_name`) VALUES ('14', 'jazz fusion');

INSERT INTO `music_store_online`.`customers` (`Customer_id`, `Phone_no`, `Transaction_ID`, `Email`, `First_name`, `Last_name`) VALUES ('1', '9685962653', '1', 'smithjones@yahoo.com', 'smith', 'jones');
INSERT INTO `music_store_online`.`customers` (`Customer_id`, `Phone_no`, `Transaction_ID`, `Email`, `First_name`, `Last_name`) VALUES ('2', '1236545632', '2', 'brownwilliams54@hotmail.com', 'brown', 'williams');
INSERT INTO `music_store_online`.`customers` (`Customer_id`, `Phone_no`, `Transaction_ID`, `Email`, `First_name`, `Last_name`) VALUES ('3', '5556987123', '3', 'wilsonttaylor24@aol.com', 'wilson ', 'taylor');
INSERT INTO `music_store_online`.`customers` (`Customer_id`, `Phone_no`, `Transaction_ID`, `Email`, `First_name`, `Last_name`) VALUES ('4', '3694445896', '4', 'karl8anderson@hotmail.co.uk', 'karl', 'anderson');
INSERT INTO `music_store_online`.`customers` (`Customer_id`, `Phone_no`, `Transaction_ID`, `Email`, `First_name`, `Last_name`) VALUES ('5', '3368654565', '5', 'ryanroberts@yahoo.co.uk', 'ryan', 'roberts');
INSERT INTO `music_store_online`.`customers` (`Customer_id`, `Phone_no`, `Transaction_ID`, `Email`, `First_name`, `Last_name`) VALUES ('6', '7789645145', '6', 'evans98jordon65@ymail.com', 'evans', 'jorden');
INSERT INTO `music_store_online`.`customers` (`Customer_id`, `Phone_no`, `Transaction_ID`, `Email`, `First_name`, `Last_name`) VALUES ('7', '6516526565', '7', 'daviswright@gmail.com', 'davis ', 'wright');
INSERT INTO `music_store_online`.`customers` (`Customer_id`, `Phone_no`, `Transaction_ID`, `Email`, `First_name`, `Last_name`) VALUES ('8', '5416236541', '8', 'campbell5edwards@outlook.com', 'edwards ', 'campbell');
INSERT INTO `music_store_online`.`customers` (`Customer_id`, `Phone_no`, `Transaction_ID`, `Email`, `First_name`, `Last_name`) VALUES ('9', '6525521654', '9', 'dark98robinson.b@mail.ru', 'clark', 'robinson');
INSERT INTO `music_store_online`.`customers` (`Customer_id`, `Phone_no`, `Transaction_ID`, `Email`, `First_name`, `Last_name`) VALUES ('10', '5458244554', '10', 'scottmcdonald@gmail.com', 'scott', 'mcdonald');
INSERT INTO `music_store_online`.`customers` (`Customer_id`, `Phone_no`, `Transaction_ID`, `Email`, `First_name`, `Last_name`) VALUES ('11', '8745128465', '11', 'turnermoore5@rediffmail.com', 'turner', 'moore');
INSERT INTO `music_store_online`.`customers` (`Customer_id`, `Phone_no`, `Transaction_ID`, `Email`, `First_name`, `Last_name`) VALUES ('12', '9878658658', '12', 'millergreen@free.fr', 'miller', 'green');
INSERT INTO `music_store_online`.`customers` (`Customer_id`, `Phone_no`, `Transaction_ID`, `Email`, `First_name`, `Last_name`) VALUES ('13', '4651784698', '13', 'bell65cooper4@aol.com', 'bell', 'cooper');
INSERT INTO `music_store_online`.`customers` (`Customer_id`, `Phone_no`, `Transaction_ID`, `Email`, `First_name`, `Last_name`) VALUES ('14', '7541278547', '14', 'jmurphy@gmail.com', 'tim', 'hortons');
INSERT INTO `music_store_online`.`customers` (`Customer_id`, `Phone_no`, `Transaction_ID`, `Email`, `First_name`, `Last_name`) VALUES ('15', '4658645645', '15', 'jacksonmurphy@hotmail.com', 'jackson ', 'murphy');
INSERT INTO `music_store_online`.`customers` (`Customer_id`, `Phone_no`, `Transaction_ID`, `Email`, `First_name`, `Last_name`) VALUES ('16', '3684858562', '16', 'allenlewis@hotmail.com', 'allen', 'lewis');
INSERT INTO `music_store_online`.`customers` (`Customer_id`, `Phone_no`, `Transaction_ID`, `Email`, `First_name`, `Last_name`) VALUES ('17', '8465164515', '17', 'collincook46@orange.fr', 'collin', 'cook');
INSERT INTO `music_store_online`.`customers` (`Customer_id`, `Phone_no`, `Transaction_ID`, `Email`, `First_name`, `Last_name`) VALUES ('18', '9846513284', '18', 'ward546m.murray@live.com', 'ward', 'murray');
INSERT INTO `music_store_online`.`customers` (`Customer_id`, `Phone_no`, `Transaction_ID`, `Email`, `First_name`, `Last_name`) VALUES ('19', '7984659848', '19', 'davieshuges345@hotmail.com', 'davies', 'huges');
INSERT INTO `music_store_online`.`customers` (`Customer_id`, `Phone_no`, `Transaction_ID`, `Email`, `First_name`, `Last_name`) VALUES ('20', '9788465188', '20', 'adamross@wanadoo.fr', 'adam', 'ross');
INSERT INTO `music_store_online`.`customers` (`Customer_id`, `Phone_no`, `Transaction_ID`, `Email`, `First_name`, `Last_name`) VALUES ('21', '8946516855', '21', 'parkerjohnston@outlook.com', 'parker', 'johnston');
INSERT INTO `music_store_online`.`customers` (`Customer_id`, `Phone_no`, `Transaction_ID`, `Email`, `First_name`, `Last_name`) VALUES ('22', '8465167988', '22', 'grahamgrey@hotmail.it', 'graham', 'gray');
INSERT INTO `music_store_online`.`customers` (`Customer_id`, `Phone_no`, `Transaction_ID`, `Email`, `First_name`, `Last_name`) VALUES ('23', '9784651327', '23', 'morganreid@verizon.net', 'morgan', 'reid');
INSERT INTO `music_store_online`.`customers` (`Customer_id`, `Phone_no`, `Transaction_ID`, `Email`, `First_name`, `Last_name`) VALUES ('24', '9784651854', '24', 'kennedykox789@googlemail.com', 'kennedy', 'cox');
INSERT INTO `music_store_online`.`customers` (`Customer_id`, `Phone_no`, `Transaction_ID`, `Email`, `First_name`, `Last_name`) VALUES ('25', '8946586458', '25', 'richard8carter@gmail.com', 'richard', 'carter');
INSERT INTO `music_store_online`.`customers` (`Customer_id`, `Phone_no`, `Transaction_ID`, `Email`, `First_name`, `Last_name`) VALUES ('26', '8465186458', '26', 'walshthomsan@yahoo.fr', 'walsh', 'thomson');
INSERT INTO `music_store_online`.`customers` (`Customer_id`, `Phone_no`, `Transaction_ID`, `Email`, `First_name`, `Last_name`) VALUES ('27', '8465684518', '27', 'bailey.mathews@comcast.net', 'bailey', 'mathews');
INSERT INTO `music_store_online`.`customers` (`Customer_id`, `Phone_no`, `Transaction_ID`, `Email`, `First_name`, `Last_name`) VALUES ('28', '7466168864', '28', 'cameronweb@web.de', 'cameron', 'web');
INSERT INTO `music_store_online`.`customers` (`Customer_id`, `Phone_no`, `Transaction_ID`, `Email`, `First_name`, `Last_name`) VALUES ('29', '9798465885', '29', 'ellis.grant@msn.com', 'ellis', 'grant');
INSERT INTO `music_store_online`.`customers` (`Customer_id`, `Phone_no`, `Transaction_ID`, `Email`, `First_name`, `Last_name`) VALUES ('30', '9846518655', '30', 'neil.armstrong@moon.com', 'neil', 'armstrong');
INSERT INTO `music_store_online`.`customers` (`Customer_id`, `Phone_no`, `Transaction_ID`, `Email`, `First_name`, `Last_name`) VALUES ('31', '9687418587', '31', 'fisherknights@msn.com', 'fisher', 'knight');
INSERT INTO `music_store_online`.`customers` (`Customer_id`, `Phone_no`, `Transaction_ID`, `Email`, `First_name`, `Last_name`) VALUES ('32', '8965464531', '32', 'mhayles@gmail.com', 'mason', 'hayes');
INSERT INTO `music_store_online`.`customers` (`Customer_id`, `Phone_no`, `Transaction_ID`, `Email`, `First_name`, `Last_name`) VALUES ('33', '8465132531', '33', 'fordgibson@hotmail.com', 'ford', 'gibson');
INSERT INTO `music_store_online`.`customers` (`Customer_id`, `Phone_no`, `Transaction_ID`, `Email`, `First_name`, `Last_name`) VALUES ('34', '9784651878', '34', 'gordanramsay@chef.com', 'gordan ', 'ramsay');
INSERT INTO `music_store_online`.`customers` (`Customer_id`, `Phone_no`, `Transaction_ID`, `Email`, `First_name`, `Last_name`) VALUES ('35', '8645136485', '35', 'gordonkwilliams@gmail.com', 'gordon', 'king');
INSERT INTO `music_store_online`.`customers` (`Customer_id`, `Phone_no`, `Transaction_ID`, `Email`, `First_name`, `Last_name`) VALUES ('36', '4651231285', '36', 'paulwoods23.kk@hotmail.com', 'paul', 'woods');
INSERT INTO `music_store_online`.`customers` (`Customer_id`, `Phone_no`, `Transaction_ID`, `Email`, `First_name`, `Last_name`) VALUES ('37', '6532865211', '37', 'palmero.connor@aol.com', 'palmer', 'o\'connor');
INSERT INTO `music_store_online`.`customers` (`Customer_id`, `Phone_no`, `Transaction_ID`, `Email`, `First_name`, `Last_name`) VALUES ('38', '6532112521', '38', 'andrews.l@gmail.com', 'andrews', 'lloyd');
INSERT INTO `music_store_online`.`customers` (`Customer_id`, `Phone_no`, `Transaction_ID`, `Email`, `First_name`, `Last_name`) VALUES ('39', '6534174549', '39', 'duncans.sullivan23@yahoo.fr', 'duncan', 'sullivan');
INSERT INTO `music_store_online`.`customers` (`Customer_id`, `Phone_no`, `Transaction_ID`, `Email`, `First_name`, `Last_name`) VALUES ('40', '2317545175', '40', 'rose78.powel@yahoo.coml', 'rose', 'powell');
INSERT INTO `music_store_online`.`customers` (`Customer_id`, `Phone_no`, `Transaction_ID`, `Email`, `First_name`, `Last_name`) VALUES ('41', '6853454551', '41', 'dmac@gmail.com', 'dawson', 'macdonald');
INSERT INTO `music_store_online`.`customers` (`Customer_id`, `Phone_no`, `Transaction_ID`, `Email`, `First_name`, `Last_name`) VALUES ('42', '5535343512', '42', 'dixon.wong@msn.com', 'dixon', 'wong');
INSERT INTO `music_store_online`.`customers` (`Customer_id`, `Phone_no`, `Transaction_ID`, `Email`, `First_name`, `Last_name`) VALUES ('43', '3563512015', '43', 'watt.francis@aol.com', 'watt', 'francis');
INSERT INTO `music_store_online`.`customers` (`Customer_id`, `Phone_no`, `Transaction_ID`, `Email`, `First_name`, `Last_name`) VALUES ('44', '6532415321', '44', 'fletcher.tran23@gmail.com', 'fletcher', 'tran');
INSERT INTO `music_store_online`.`customers` (`Customer_id`, `Phone_no`, `Transaction_ID`, `Email`, `First_name`, `Last_name`) VALUES ('45', '6353135211', '45', 'roweli.99@outlook.in', 'rowe', 'li');
INSERT INTO `music_store_online`.`customers` (`Customer_id`, `Phone_no`, `Transaction_ID`, `Email`, `First_name`, `Last_name`) VALUES ('46', '6356568535', '46', 'chiuchang@aol.com', 'chang', 'chiu');
INSERT INTO `music_store_online`.`customers` (`Customer_id`, `Phone_no`, `Transaction_ID`, `Email`, `First_name`, `Last_name`) VALUES ('47', '8465312655', '47', 'nelson2smith@gmail.com', 'nelson', 'smith');
INSERT INTO `music_store_online`.`customers` (`Customer_id`, `Phone_no`, `Transaction_ID`, `Email`, `First_name`, `Last_name`) VALUES ('48', '6451320656', '48', 'porter2pain@gmail.com', 'porter', 'pain');
INSERT INTO `music_store_online`.`customers` (`Customer_id`, `Phone_no`, `Transaction_ID`, `Email`, `First_name`, `Last_name`) VALUES ('49', '8645368453', '49', 'brynepflitzgerald34@yahoo.com', 'bryne', 'fitzgerald');
INSERT INTO `music_store_online`.`customers` (`Customer_id`, `Phone_no`, `Transaction_ID`, `Email`, `First_name`, `Last_name`) VALUES ('50', '8946518545', '50', 'c12.baker@gmail.com', 'crawford', 'baker');
INSERT INTO `music_store_online`.`customers` (`Customer_id`, `Phone_no`, `Transaction_ID`, `Email`, `First_name`, `Last_name`) VALUES ('51', '8465168435', '51', 'hartdavidson@aol.com', 'hart', 'davidson');
INSERT INTO `music_store_online`.`customers` (`Customer_id`, `Phone_no`, `Transaction_ID`, `Email`, `First_name`, `Last_name`) VALUES ('52', '8465146854', '52', 'foxcole@msn.com', 'fox', 'cole');
INSERT INTO `music_store_online`.`customers` (`Customer_id`, `Phone_no`, `Transaction_ID`, `Email`, `First_name`, `Last_name`) VALUES ('53', '8946516835', '53', 'kerrylynch@yahoo.com', 'kerry', 'lynch');
INSERT INTO `music_store_online`.`customers` (`Customer_id`, `Phone_no`, `Transaction_ID`, `Email`, `First_name`, `Last_name`) VALUES ('54', '8465132846', '54', 'kettyperry@artist.com', 'katty', 'perry');
INSERT INTO `music_store_online`.`customers` (`Customer_id`, `Phone_no`, `Transaction_ID`, `Email`, `First_name`, `Last_name`) VALUES ('55', '8465846566', '55', 'stone45peteres@yahoo.co.uk', 'stone', 'petress');
INSERT INTO `music_store_online`.`customers` (`Customer_id`, `Phone_no`, `Transaction_ID`, `Email`, `First_name`, `Last_name`) VALUES ('56', '9652865565', '56', 'g.freeman34@orange.fr', 'george', 'freeman');
INSERT INTO `music_store_online`.`customers` (`Customer_id`, `Phone_no`, `Transaction_ID`, `Email`, `First_name`, `Last_name`) VALUES ('57', '8656565659', '57', 'alexander5.tan@comcast.net', 'alexander', 'tan');
INSERT INTO `music_store_online`.`customers` (`Customer_id`, `Phone_no`, `Transaction_ID`, `Email`, `First_name`, `Last_name`) VALUES ('58', '5896321845', '58', 'may.thang@aol.com', 'may', 'zhang');
INSERT INTO `music_store_online`.`customers` (`Customer_id`, `Phone_no`, `Transaction_ID`, `Email`, `First_name`, `Last_name`) VALUES ('59', '8465138643', '59', 'barret.gill@wanadoo.fr', 'barret', 'gill');
INSERT INTO `music_store_online`.`customers` (`Customer_id`, `Phone_no`, `Transaction_ID`, `Email`, `First_name`, `Last_name`) VALUES ('60', '8645316854', '60', 'wp@gmail.com', 'warren', 'page');





INSERT INTO `music_store_online`.`artist` (`Artist_id`, `Name`) VALUES ('1', 'James');
INSERT INTO `music_store_online`.`artist` (`Artist_id`, `Name`) VALUES ('2', 'Robert');
INSERT INTO `music_store_online`.`artist` (`Artist_id`, `Name`) VALUES ('3', 'John');
INSERT INTO `music_store_online`.`artist` (`Artist_id`, `Name`) VALUES ('4', 'Micheal');
INSERT INTO `music_store_online`.`artist` (`Artist_id`, `Name`) VALUES ('5', 'William');
INSERT INTO `music_store_online`.`artist` (`Artist_id`, `Name`) VALUES ('6', 'David');
INSERT INTO `music_store_online`.`artist` (`Artist_id`, `Name`) VALUES ('7', 'Richard');
INSERT INTO `music_store_online`.`artist` (`Artist_id`, `Name`) VALUES ('8', 'Joseph');
INSERT INTO `music_store_online`.`artist` (`Artist_id`, `Name`) VALUES ('9', 'Thomas');
INSERT INTO `music_store_online`.`artist` (`Artist_id`, `Name`) VALUES ('10', 'Charles');
INSERT INTO `music_store_online`.`artist` (`Artist_id`, `Name`) VALUES ('11', 'charlie');
INSERT INTO `music_store_online`.`artist` (`Artist_id`, `Name`) VALUES ('12', 'justin');
INSERT INTO `music_store_online`.`artist` (`Artist_id`, `Name`) VALUES ('13', 'Daniel');
INSERT INTO `music_store_online`.`artist` (`Artist_id`, `Name`) VALUES ('14', 'Christopher');
INSERT INTO `music_store_online`.`artist` (`Artist_id`, `Name`) VALUES ('15', 'Matthew hens');
INSERT INTO `music_store_online`.`artist` (`Artist_id`, `Name`) VALUES ('16', 'anthony');
INSERT INTO `music_store_online`.`artist` (`Artist_id`, `Name`) VALUES ('17', 'Jason fury');
INSERT INTO `music_store_online`.`artist` (`Artist_id`, `Name`) VALUES ('18', 'eric holes');
INSERT INTO `music_store_online`.`artist` (`Artist_id`, `Name`) VALUES ('19', 'katy perry');
INSERT INTO `music_store_online`.`artist` (`Artist_id`, `Name`) VALUES ('20', 'Larry toe');
INSERT INTO `music_store_online`.`artist` (`Artist_id`, `Name`) VALUES ('21', 'Alexader pol');
INSERT INTO `music_store_online`.`artist` (`Artist_id`, `Name`) VALUES ('22', 'Frank jobs');
INSERT INTO `music_store_online`.`artist` (`Artist_id`, `Name`) VALUES ('23', 'patrick hu');
INSERT INTO `music_store_online`.`artist` (`Artist_id`, `Name`) VALUES ('24', 'peter kayle');


INSERT INTO `music_store_online`.`instrument` (`Instrument_id`, `Instrument_Name`) VALUES ('1', 'guitar');
INSERT INTO `music_store_online`.`instrument` (`Instrument_id`, `Instrument_Name`) VALUES ('2', 'piano');
INSERT INTO `music_store_online`.`instrument` (`Instrument_id`, `Instrument_Name`) VALUES ('3', 'marimba');
INSERT INTO `music_store_online`.`instrument` (`Instrument_id`, `Instrument_Name`) VALUES ('4', 'flute');
INSERT INTO `music_store_online`.`instrument` (`Instrument_id`, `Instrument_Name`) VALUES ('5', 'violin');
INSERT INTO `music_store_online`.`instrument` (`Instrument_id`, `Instrument_Name`) VALUES ('6', 'drums');
INSERT INTO `music_store_online`.`instrument` (`Instrument_id`, `Instrument_Name`) VALUES ('7', 'sitar');
INSERT INTO `music_store_online`.`instrument` (`Instrument_id`, `Instrument_Name`) VALUES ('8', 'pan pipes');
INSERT INTO `music_store_online`.`instrument` (`Instrument_id`, `Instrument_Name`) VALUES ('9', 'harp');








INSERT INTO `music_store_online`.`albums` (`Album_id`, `Name`, `Description`, `Price`, `Discount_percent`, `Release_date`, `Genre_Genre_id`) VALUES ('1', 'champs', '1st ablum featuring danny and mike DJ', '49', '5', '2020-01-02', '2');
INSERT INTO `music_store_online`.`albums` (`Album_id`, `Name`, `Description`, `Price`, `Discount_percent`, `Release_date`, `Genre_Genre_id`) VALUES ('2', 'measels', 'special edition -measels', '55', '5', '2019-05-19', '5');
INSERT INTO `music_store_online`.`albums` (`Album_id`, `Name`, `Description`, `Price`, `Discount_percent`, `Release_date`, `Genre_Genre_id`) VALUES ('3', 'snakes and pistols', 'private official release of dj snake', '89', '10', '2020-02-01', '3');
INSERT INTO `music_store_online`.`albums` (`Album_id`, `Name`, `Description`, `Price`, `Discount_percent`, `Release_date`, `Genre_Genre_id`) VALUES ('4', 'spicy', 'collection of mr.spicy hits', '120', '8', '2019-01-01', '8');
INSERT INTO `music_store_online`.`albums` (`Album_id`, `Name`, `Description`, `Price`, `Discount_percent`, `Release_date`, `Genre_Genre_id`) VALUES ('5', 'dukes', 'dukes limited edition', '99', '10', '2021-05-01', '14');
INSERT INTO `music_store_online`.`albums` (`Album_id`, `Name`, `Description`, `Price`, `Discount_percent`, `Release_date`, `Genre_Genre_id`) VALUES ('6', 'spolkes', 'music for life', '69', '5', '2018-06-01', '13');
INSERT INTO `music_store_online`.`albums` (`Album_id`, `Name`, `Description`, `Price`, `Discount_percent`, `Release_date`, `Genre_Genre_id`) VALUES ('7', 'return of jewellery', 'for love on jewellery', '99', '15', '2019-09-08', '11');
INSERT INTO `music_store_online`.`albums` (`Album_id`, `Name`, `Description`, `Price`, `Discount_percent`, `Release_date`, `Genre_Genre_id`) VALUES ('8', 'fusion-x', 'combination of fusion and mrx. lifetime album', '149', '10', '2021-07-09', '10');
INSERT INTO `music_store_online`.`albums` (`Album_id`, `Name`, `Description`, `Price`, `Discount_percent`, `Release_date`, `Genre_Genre_id`) VALUES ('9', 'The beatles- revolver', 'beatless revised edition', '55', '5', '2019-01-01', '1');
INSERT INTO `music_store_online`.`albums` (`Album_id`, `Name`, `Description`, `Price`, `Discount_percent`, `Release_date`, `Genre_Genre_id`) VALUES ('10', 'pixels', 'feel pixel depth music', '69', '10', '2018-06-01', '8');
INSERT INTO `music_store_online`.`albums` (`Album_id`, `Name`, `Description`, `Price`, `Discount_percent`, `Release_date`, `Genre_Genre_id`) VALUES ('11', 'Nirvana- nevermind', 'nirvana private album', '75', '9', '2018-06-01', '5');
INSERT INTO `music_store_online`.`albums` (`Album_id`, `Name`, `Description`, `Price`, `Discount_percent`, `Release_date`, `Genre_Genre_id`) VALUES ('12', 'david bowlie- low', 'feel high by listening low', '35', '15', '2018-06-01', '10');
INSERT INTO `music_store_online`.`albums` (`Album_id`, `Name`, `Description`, `Price`, `Discount_percent`, `Release_date`, `Genre_Genre_id`) VALUES ('13', 'public enemy', 'a private album', '20', '5', '2018-06-01', '6');
INSERT INTO `music_store_online`.`albums` (`Album_id`, `Name`, `Description`, `Price`, `Discount_percent`, `Release_date`, `Genre_Genre_id`) VALUES ('14', 'beautiful dark ', 'for people  who loven ights', '49', '10', '2020-02-01', '13');
INSERT INTO `music_store_online`.`albums` (`Album_id`, `Name`, `Description`, `Price`, `Discount_percent`, `Release_date`, `Genre_Genre_id`) VALUES ('15', 'twisted fantasy', 'album lives in fantasy world', '39', '15', '2020-02-01', '8');
INSERT INTO `music_store_online`.`albums` (`Album_id`, `Name`, `Description`, `Price`, `Discount_percent`, `Release_date`, `Genre_Genre_id`) VALUES ('16', 'the beach boys', 'justin bieber\'s album', '69', '30', '2021-07-09', '2');
INSERT INTO `music_store_online`.`albums` (`Album_id`, `Name`, `Description`, `Price`, `Discount_percent`, `Release_date`, `Genre_Genre_id`) VALUES ('17', 'blur', 'blur album', '44', '15', '2021-07-09', '5');
INSERT INTO `music_store_online`.`albums` (`Album_id`, `Name`, `Description`, `Price`, `Discount_percent`, `Release_date`, `Genre_Genre_id`) VALUES ('18', 'sonic youth', 'a young album for youth', '36', '10', '2017-01-25', '11');
INSERT INTO `music_store_online`.`albums` (`Album_id`, `Name`, `Description`, `Price`, `Discount_percent`, `Release_date`, `Genre_Genre_id`) VALUES ('19', 'fleetwood mac', 'mac\'s album', '90', '30', '2017-01-25', '3');
INSERT INTO `music_store_online`.`albums` (`Album_id`, `Name`, `Description`, `Price`, `Discount_percent`, `Release_date`, `Genre_Genre_id`) VALUES ('20', 'rolling stones', ' a classical album for all people', '45', '15', '2016-05-05', '9');
INSERT INTO `music_store_online`.`albums` (`Album_id`, `Name`, `Description`, `Price`, `Discount_percent`, `Release_date`, `Genre_Genre_id`) VALUES ('21', 'station-to-station', 'a feel good album from station music movie', '10', '5', '2016-05-05', '12');
INSERT INTO `music_store_online`.`albums` (`Album_id`, `Name`, `Description`, `Price`, `Discount_percent`, `Release_date`, `Genre_Genre_id`) VALUES ('22', 'talking heads', 'music in this album is proper commute', '79', '10', '2016-05-05', '5');
INSERT INTO `music_store_online`.`albums` (`Album_id`, `Name`, `Description`, `Price`, `Discount_percent`, `Release_date`, `Genre_Genre_id`) VALUES ('23', 'back home', 'treat music as home made', '149', '25', '2019-01-01', '8');
INSERT INTO `music_store_online`.`albums` (`Album_id`, `Name`, `Description`, `Price`, `Discount_percent`, `Release_date`, `Genre_Genre_id`) VALUES ('24', 'Green day', 'a green day for music lovers', '99', '30', '2017-07-19', '6');
INSERT INTO `music_store_online`.`albums` (`Album_id`, `Name`, `Description`, `Price`, `Discount_percent`, `Release_date`, `Genre_Genre_id`) VALUES ('25', 'suede', 'no description', '99', '25', '2019-04-04', '1');
INSERT INTO `music_store_online`.`albums` (`Album_id`, `Name`, `Description`, `Price`, `Discount_percent`, `Release_date`, `Genre_Genre_id`) VALUES ('26', 'pink floyd', 'no description', '129', '10', '2019-01-01', '4');
INSERT INTO `music_store_online`.`albums` (`Album_id`, `Name`, `Description`, `Price`, `Discount_percent`, `Release_date`, `Genre_Genre_id`) VALUES ('27', 'viva hate', 'no description', '89', '10', '2019-01-01', '6');
INSERT INTO `music_store_online`.`albums` (`Album_id`, `Name`, `Description`, `Price`, `Discount_percent`, `Release_date`, `Genre_Genre_id`) VALUES ('28', 'marshall mathers', 'no description', '133', '5', '2017-01-25', '4');
INSERT INTO `music_store_online`.`albums` (`Album_id`, `Name`, `Description`, `Price`, `Discount_percent`, `Release_date`, `Genre_Genre_id`) VALUES ('29', 'young americans', 'no description', '66', '5', '2017-01-25', '11');
INSERT INTO `music_store_online`.`albums` (`Album_id`, `Name`, `Description`, `Price`, `Discount_percent`, `Release_date`, `Genre_Genre_id`) VALUES ('30', 'mezzanine', 'robotic music album- mezzanine', '96', '10', '2016-05-05', '3');
INSERT INTO `music_store_online`.`albums` (`Album_id`, `Name`, `Description`, `Price`, `Discount_percent`, `Release_date`, `Genre_Genre_id`) VALUES ('31', 'show your bones', 'a chinese-american album ', '48', '6', '2016-05-05', '7');
INSERT INTO `music_store_online`.`albums` (`Album_id`, `Name`, `Description`, `Price`, `Discount_percent`, `Release_date`, `Genre_Genre_id`) VALUES ('32', 'midnight vultures', 'no description', '58', '5', '2021-07-09', '6');
INSERT INTO `music_store_online`.`albums` (`Album_id`, `Name`, `Description`, `Price`, `Discount_percent`, `Release_date`, `Genre_Genre_id`) VALUES ('33', 'since i left you ', 'a sad beggining with happy ending', '78', '10', '2021-07-09', '5');
INSERT INTO `music_store_online`.`albums` (`Album_id`, `Name`, `Description`, `Price`, `Discount_percent`, `Release_date`, `Genre_Genre_id`) VALUES ('34', 'the joshua tree', 'no description', '96', '30', '2016-05-05', '9');
INSERT INTO `music_store_online`.`albums` (`Album_id`, `Name`, `Description`, `Price`, `Discount_percent`, `Release_date`, `Genre_Genre_id`) VALUES ('35', 'yankee hotel foxtrot', 'no description', '69', '70', '2020-02-01', '9');
INSERT INTO `music_store_online`.`albums` (`Album_id`, `Name`, `Description`, `Price`, `Discount_percent`, `Release_date`, `Genre_Genre_id`) VALUES ('36', 'arctic monkeys', 'music for animal lovers', '175', '36', '2019-01-01', '11');
INSERT INTO `music_store_online`.`albums` (`Album_id`, `Name`, `Description`, `Price`, `Discount_percent`, `Release_date`, `Genre_Genre_id`) VALUES ('37', 'worst nightmare', 'ideal music for nightmare backgrounds', '49', '25', '2016-05-05', '12');
INSERT INTO `music_store_online`.`albums` (`Album_id`, `Name`, `Description`, `Price`, `Discount_percent`, `Release_date`, `Genre_Genre_id`) VALUES ('38', 'led zeppelin', 'no description', '66', '14', '2019-01-01', '5');
INSERT INTO `music_store_online`.`albums` (`Album_id`, `Name`, `Description`, `Price`, `Discount_percent`, `Release_date`, `Genre_Genre_id`) VALUES ('39', 'achutang baby', 'private album from achutang\'s masterpieces', '78', '12', '2020-02-01', '5');
INSERT INTO `music_store_online`.`albums` (`Album_id`, `Name`, `Description`, `Price`, `Discount_percent`, `Release_date`, `Genre_Genre_id`) VALUES ('40', 'endless wire', 'a private album from 2018', '29', '10', '2019-01-01', '14');
INSERT INTO `music_store_online`.`albums` (`Album_id`, `Name`, `Description`, `Price`, `Discount_percent`, `Release_date`, `Genre_Genre_id`) VALUES ('41', 'let it be', 'album for teens', '39', '36', '2020-02-01', '8');
INSERT INTO `music_store_online`.`albums` (`Album_id`, `Name`, `Description`, `Price`, `Discount_percent`, `Release_date`, `Genre_Genre_id`) VALUES ('42', 'bee thousand', 'a wise mans story in music album', '49', '15', '2017-01-25', '1');
INSERT INTO `music_store_online`.`albums` (`Album_id`, `Name`, `Description`, `Price`, `Discount_percent`, `Release_date`, `Genre_Genre_id`) VALUES ('43', 'viva hate', 'no description', '89', '10', '2019-01-01', '6');
INSERT INTO `music_store_online`.`albums` (`Album_id`, `Name`, `Description`, `Price`, `Discount_percent`, `Release_date`, `Genre_Genre_id`) VALUES ('44', 'homogenic', 'no description', '65', '5', '2019-01-01', '3');


INSERT INTO `music_store_online`.`address` (`Address_id`, `Line_1`, `Line_2`, `City`, `Province`, `Country`, `Postal_code`, `Customers_Customer_id`) VALUES ('1', '600 ', 'gruke street', 'kitchener', 'ON', 'Canada', 'ABC DEF', '1');
INSERT INTO `music_store_online`.`address` (`Address_id`, `Line_1`, `Line_2`, `City`, `Province`, `Country`, `Postal_code`, `Customers_Customer_id`) VALUES ('2', '450', 'donnie street', 'london', 'ON', 'India', 'N2N 2J2', '2');
INSERT INTO `music_store_online`.`address` (`Address_id`, `Line_1`, `Line_2`, `City`, `Province`, `Country`, `Postal_code`, `Customers_Customer_id`) VALUES ('3', '1711', 'xatam street', 'cambridge', 'ON ', 'Canada', 'N27 898', '3');
INSERT INTO `music_store_online`.`address` (`Address_id`, `Line_1`, `Line_2`, `City`, `Province`, `Country`, `Postal_code`, `Customers_Customer_id`) VALUES ('4', '189', 'Young street', 'waterloo', 'ON', 'china', '548 696', '4');
INSERT INTO `music_store_online`.`address` (`Address_id`, `Line_1`, `Line_2`, `City`, `Province`, `Country`, `Postal_code`, `Customers_Customer_id`) VALUES ('5', '120', 'Sauchob Road', 'Viegan', 'AL', 'Algeria', 'HJU 54T', '5');
INSERT INTO `music_store_online`.`address` (`Address_id`, `Line_1`, `Line_2`, `City`, `Province`, `Country`, `Postal_code`, `Customers_Customer_id`) VALUES ('6', '146', 'Saughall Massie Lane', 'Prine', 'BC', 'USA', 'L68 UY7', '6');
INSERT INTO `music_store_online`.`address` (`Address_id`, `Line_1`, `Line_2`, `City`, `Province`, `Country`, `Postal_code`, `Customers_Customer_id`) VALUES ('7', '259', 'Elkington Rise', 'Slona', 'NB', 'New Zeland', '278 GH8', '7');
INSERT INTO `music_store_online`.`address` (`Address_id`, `Line_1`, `Line_2`, `City`, `Province`, `Country`, `Postal_code`, `Customers_Customer_id`) VALUES ('8', '12', 'Audley Square', 'Cago', 'NA', 'Afganistan', 'LOI 369', '8');
INSERT INTO `music_store_online`.`address` (`Address_id`, `Line_1`, `Line_2`, `City`, `Province`, `Country`, `Postal_code`, `Customers_Customer_id`) VALUES ('9', '365', 'Gibbins Street', 'Loygow', 'NS', 'Canada', 'N39 2J9', '9');
INSERT INTO `music_store_online`.`address` (`Address_id`, `Line_1`, `Line_2`, `City`, `Province`, `Country`, `Postal_code`, `Customers_Customer_id`) VALUES ('10', '2596', 'Shorthorn Drive', 'Khore', 'NN', 'Afganistan', '447 MN6', '10');
INSERT INTO `music_store_online`.`address` (`Address_id`, `Line_1`, `Line_2`, `City`, `Province`, `Country`, `Postal_code`, `Customers_Customer_id`) VALUES ('11', '2645', 'Wigeon Grove', 'Asotol', 'MN', 'Canada', '36K 87P', '11');
INSERT INTO `music_store_online`.`address` (`Address_id`, `Line_1`, `Line_2`, `City`, `Province`, `Country`, `Postal_code`, `Customers_Customer_id`) VALUES ('12', '25', 'Catt\'s Lane', 'Clia', 'ON', 'New Zeland', '225 MMP', '12');
INSERT INTO `music_store_online`.`address` (`Address_id`, `Line_1`, `Line_2`, `City`, `Province`, `Country`, `Postal_code`, `Customers_Customer_id`) VALUES ('13', '3245', 'Applegarth Avenue', 'Souis', 'BC', 'Canada', '36K P09', '13');
INSERT INTO `music_store_online`.`address` (`Address_id`, `Line_1`, `Line_2`, `City`, `Province`, `Country`, `Postal_code`, `Customers_Customer_id`) VALUES ('14', '25', 'Knowsley Expressway', 'Phittol', 'BC', 'Afganistan', 'JFH 566', '14');
INSERT INTO `music_store_online`.`address` (`Address_id`, `Line_1`, `Line_2`, `City`, `Province`, `Country`, `Postal_code`, `Customers_Customer_id`) VALUES ('15', '26', 'Hollybrook Avenue', 'Haledo', 'BC', 'USA', 'G6G 5D6', '15');
INSERT INTO `music_store_online`.`address` (`Address_id`, `Line_1`, `Line_2`, `City`, `Province`, `Country`, `Postal_code`, `Customers_Customer_id`) VALUES ('16', '995', 'The Close Bellfield', 'Narfield', 'NS', 'Algeria', 'SDF 456', '16');
INSERT INTO `music_store_online`.`address` (`Address_id`, `Line_1`, `Line_2`, `City`, `Province`, `Country`, `Postal_code`, `Customers_Customer_id`) VALUES ('17', '123', 'Mole Street', 'Bling', 'NN', 'china', 'EFS 978', '17');
INSERT INTO `music_store_online`.`address` (`Address_id`, `Line_1`, `Line_2`, `City`, `Province`, `Country`, `Postal_code`, `Customers_Customer_id`) VALUES ('18', '456', 'Chiswick Lane South', 'Eywell', 'NA', 'Canada', 'FD6 4VF', '18');
INSERT INTO `music_store_online`.`address` (`Address_id`, `Line_1`, `Line_2`, `City`, `Province`, `Country`, `Postal_code`, `Customers_Customer_id`) VALUES ('19', '458', 'Denyer Court', 'Fraffast', 'NS', 'Algeria', '26F FF6', '19');
INSERT INTO `music_store_online`.`address` (`Address_id`, `Line_1`, `Line_2`, `City`, `Province`, `Country`, `Postal_code`, `Customers_Customer_id`) VALUES ('20', '25', 'Taleford Close', 'Kane', 'AL', 'India', '26F KL8', '20');
INSERT INTO `music_store_online`.`address` (`Address_id`, `Line_1`, `Line_2`, `City`, `Province`, `Country`, `Postal_code`, `Customers_Customer_id`) VALUES ('21', '632', 'Harts Leap Close', 'Clieybridge', 'AL', 'New Zeland', '365 25L', '21');
INSERT INTO `music_store_online`.`address` (`Address_id`, `Line_1`, `Line_2`, `City`, `Province`, `Country`, `Postal_code`, `Customers_Customer_id`) VALUES ('22', '651', 'Lilliana Way', 'Zrok', 'NB', 'Mexico', '125 PJK', '22');
INSERT INTO `music_store_online`.`address` (`Address_id`, `Line_1`, `Line_2`, `City`, `Province`, `Country`, `Postal_code`, `Customers_Customer_id`) VALUES ('23', '9', 'Ohio Road', 'Oniwell', 'NB', 'china', '336 MNL', '23');
INSERT INTO `music_store_online`.`address` (`Address_id`, `Line_1`, `Line_2`, `City`, `Province`, `Country`, `Postal_code`, `Customers_Customer_id`) VALUES ('24', '4', 'Ockford Ridge', 'Crohson', 'NT', 'china', 'PPO 369', '24');
INSERT INTO `music_store_online`.`address` (`Address_id`, `Line_1`, `Line_2`, `City`, `Province`, `Country`, `Postal_code`, `Customers_Customer_id`) VALUES ('25', '15', 'Beaford Road', 'Entofield', 'QB', 'Algeria', 'H0H 078', '25');
INSERT INTO `music_store_online`.`address` (`Address_id`, `Line_1`, `Line_2`, `City`, `Province`, `Country`, `Postal_code`, `Customers_Customer_id`) VALUES ('26', '3', 'Edes Farm Drive', 'Ublobert', 'SS', 'Bulgaria', '34H JK0', '26');
INSERT INTO `music_store_online`.`address` (`Address_id`, `Line_1`, `Line_2`, `City`, `Province`, `Country`, `Postal_code`, `Customers_Customer_id`) VALUES ('27', '3', 'Maricourt Avenue', 'Ibrenville', 'YK', 'France', '369 KJK', '27');
INSERT INTO `music_store_online`.`address` (`Address_id`, `Line_1`, `Line_2`, `City`, `Province`, `Country`, `Postal_code`, `Customers_Customer_id`) VALUES ('28', '85', 'Flintoff Way', 'Vluldon', 'NS', 'France', '654 JH8', '28');
INSERT INTO `music_store_online`.`address` (`Address_id`, `Line_1`, `Line_2`, `City`, `Province`, `Country`, `Postal_code`, `Customers_Customer_id`) VALUES ('29', '35', 'The Fiddlers', 'Nupus', 'NS', 'Lebanon', '9KI 35L', '29');
INSERT INTO `music_store_online`.`address` (`Address_id`, `Line_1`, `Line_2`, `City`, `Province`, `Country`, `Postal_code`, `Customers_Customer_id`) VALUES ('30', '156', 'Iver Lane', 'Owerton', 'NS', 'France', 'H0H 369', '30');
INSERT INTO `music_store_online`.`address` (`Address_id`, `Line_1`, `Line_2`, `City`, `Province`, `Country`, `Postal_code`, `Customers_Customer_id`) VALUES ('31', '62', 'Bramdon Close', 'Iawell', 'NS', 'Argentina', '368 NJ3', '31');
INSERT INTO `music_store_online`.`address` (`Address_id`, `Line_1`, `Line_2`, `City`, `Province`, `Country`, `Postal_code`, `Customers_Customer_id`) VALUES ('32', '96', 'Cove Meadow', 'Oslora', 'NB', 'France', 'ANG 5HG', '32');
INSERT INTO `music_store_online`.`address` (`Address_id`, `Line_1`, `Line_2`, `City`, `Province`, `Country`, `Postal_code`, `Customers_Customer_id`) VALUES ('33', '625', 'Langbury Close', 'Srefross', 'NB', 'India', 'K8N 5W6', '33');
INSERT INTO `music_store_online`.`address` (`Address_id`, `Line_1`, `Line_2`, `City`, `Province`, `Country`, `Postal_code`, `Customers_Customer_id`) VALUES ('34', '148', 'Forrestfield Crescent', 'Daurough', 'NB', 'India', '535 003', '34');
INSERT INTO `music_store_online`.`address` (`Address_id`, `Line_1`, `Line_2`, `City`, `Province`, `Country`, `Postal_code`, `Customers_Customer_id`) VALUES ('35', '7852', 'Anfield Court', 'Uphiakgate', 'BC', 'France', '369 335', '35');
INSERT INTO `music_store_online`.`address` (`Address_id`, `Line_1`, `Line_2`, `City`, `Province`, `Country`, `Postal_code`, `Customers_Customer_id`) VALUES ('36', '965', 'Dumbrees Road', 'Vrastin', 'BC', 'Afganistan', '145 235', '36');
INSERT INTO `music_store_online`.`address` (`Address_id`, `Line_1`, `Line_2`, `City`, `Province`, `Country`, `Postal_code`, `Customers_Customer_id`) VALUES ('37', '62', 'Totmel Road', 'Shiridge', 'BC', 'India', '111 325', '37');
INSERT INTO `music_store_online`.`address` (`Address_id`, `Line_1`, `Line_2`, `City`, `Province`, `Country`, `Postal_code`, `Customers_Customer_id`) VALUES ('38', '75', 'Bere Farm Lane', 'Daacester', 'MN', 'Argentina', '369 125', '38');
INSERT INTO `music_store_online`.`address` (`Address_id`, `Line_1`, `Line_2`, `City`, `Province`, `Country`, `Postal_code`, `Customers_Customer_id`) VALUES ('39', '652', 'Hither Farm Road', 'Fredo', 'NT', 'Argentina', 'JGL LJ5', '39');
INSERT INTO `music_store_online`.`address` (`Address_id`, `Line_1`, `Line_2`, `City`, `Province`, `Country`, `Postal_code`, `Customers_Customer_id`) VALUES ('40', '25', 'Hertsfield Avenue', 'Anspolis', 'NT', 'India', '5LJ 356', '40');
INSERT INTO `music_store_online`.`address` (`Address_id`, `Line_1`, `Line_2`, `City`, `Province`, `Country`, `Postal_code`, `Customers_Customer_id`) VALUES ('41', '25', 'Emily Way', 'Chocsa', 'MN', 'Bulgaria', 'K8N 589', '41');
INSERT INTO `music_store_online`.`address` (`Address_id`, `Line_1`, `Line_2`, `City`, `Province`, `Country`, `Postal_code`, `Customers_Customer_id`) VALUES ('42', '65', 'Clos Yr Allt', 'Rin', 'NT', 'Mexico', '025 698', '42');
INSERT INTO `music_store_online`.`address` (`Address_id`, `Line_1`, `Line_2`, `City`, `Province`, `Country`, `Postal_code`, `Customers_Customer_id`) VALUES ('43', '578', 'Draughton Street', 'Yhodon', 'PI', 'Bulgaria', 'HG6 25G', '43');
INSERT INTO `music_store_online`.`address` (`Address_id`, `Line_1`, `Line_2`, `City`, `Province`, `Country`, `Postal_code`, `Customers_Customer_id`) VALUES ('44', '36', 'Glen Shirva Road', 'Kludhull', 'AB', 'Chile', '318 YYT', '44');
INSERT INTO `music_store_online`.`address` (`Address_id`, `Line_1`, `Line_2`, `City`, `Province`, `Country`, `Postal_code`, `Customers_Customer_id`) VALUES ('45', '35', 'Orwell Court', 'Brosa', 'BC', 'Lebanon', '25T 64Y', '45');
INSERT INTO `music_store_online`.`address` (`Address_id`, `Line_1`, `Line_2`, `City`, `Province`, `Country`, `Postal_code`, `Customers_Customer_id`) VALUES ('46', '856', 'Bentley Brook', 'Ardgate', 'CD', 'Chile', 'N2C 2J9', '46');
INSERT INTO `music_store_online`.`address` (`Address_id`, `Line_1`, `Line_2`, `City`, `Province`, `Country`, `Postal_code`, `Customers_Customer_id`) VALUES ('47', '954', 'Shandon Gardens', 'Kuville', 'EF', 'Korea', '256 NJI', '47');
INSERT INTO `music_store_online`.`address` (`Address_id`, `Line_1`, `Line_2`, `City`, `Province`, `Country`, `Postal_code`, `Customers_Customer_id`) VALUES ('48', '333', 'nghams Terrace', 'Zhenver', 'GT', 'Germany', '366 MKI', '48');
INSERT INTO `music_store_online`.`address` (`Address_id`, `Line_1`, `Line_2`, `City`, `Province`, `Country`, `Postal_code`, `Customers_Customer_id`) VALUES ('49', '256', 'Lower Southfield', 'Xatburn', 'HE', 'Iran', 'MKP 34L', '49');
INSERT INTO `music_store_online`.`address` (`Address_id`, `Line_1`, `Line_2`, `City`, `Province`, `Country`, `Postal_code`, `Customers_Customer_id`) VALUES ('50', '658', 'Tarmangie Drive', 'Krey', 'KI', 'Germany', 'D58 JK6', '50');
INSERT INTO `music_store_online`.`address` (`Address_id`, `Line_1`, `Line_2`, `City`, `Province`, `Country`, `Postal_code`, `Customers_Customer_id`) VALUES ('51', '85', 'The Yonne', 'Pey', 'LO', 'Cuba', '369 256', '51');
INSERT INTO `music_store_online`.`address` (`Address_id`, `Line_1`, `Line_2`, `City`, `Province`, `Country`, `Postal_code`, `Customers_Customer_id`) VALUES ('52', '63', 'Cashford Gate', 'Isleka', 'JI', 'Monaco', '25R 65T', '52');
INSERT INTO `music_store_online`.`address` (`Address_id`, `Line_1`, `Line_2`, `City`, `Province`, `Country`, `Postal_code`, `Customers_Customer_id`) VALUES ('53', '523', 'Corseduick Road', 'Agosrora', 'LO', 'Iran', 'IS0 256', '53');
INSERT INTO `music_store_online`.`address` (`Address_id`, `Line_1`, `Line_2`, `City`, `Province`, `Country`, `Postal_code`, `Customers_Customer_id`) VALUES ('54', '25', 'Brighton Terrace Road', 'Ilapolis', 'SO', 'Chile', 'F36 353', '54');
INSERT INTO `music_store_online`.`address` (`Address_id`, `Line_1`, `Line_2`, `City`, `Province`, `Country`, `Postal_code`, `Customers_Customer_id`) VALUES ('55', '36', 'Leach Place', 'Shoria', 'FO', 'Iran', 'GRS R54', '55');
INSERT INTO `music_store_online`.`address` (`Address_id`, `Line_1`, `Line_2`, `City`, `Province`, `Country`, `Postal_code`, `Customers_Customer_id`) VALUES ('56', '63', 'Glenn Street', 'Olnwood', 'JO', 'Korea', '2SD 35F', '56');





INSERT INTO `music_store_online`.`orders` (`Order_id`, `Order_date`, `Order_amount`, `Tax_amount`, `Ship_date`, `Card_number`, `Discount_percentage`, `Customer_idcustomer`) VALUES ('1', '2021-01-01', '199', '12', '2021-01-04', '3695788865423699', '10', '1');
INSERT INTO `music_store_online`.`orders` (`Order_id`, `Order_date`, `Order_amount`, `Tax_amount`, `Ship_date`, `Card_number`, `Discount_percentage`, `Customer_idcustomer`) VALUES ('2', '2021-01-02', '99', '12', '2021-01-05', '6987654986749864', '10', '2');
INSERT INTO `music_store_online`.`orders` (`Order_id`, `Order_date`, `Order_amount`, `Tax_amount`, `Ship_date`, `Card_number`, `Discount_percentage`, `Customer_idcustomer`) VALUES ('3', '2021-01-03', '69', '12', '2021-01-07', '5635468456534242', '20', '3');
INSERT INTO `music_store_online`.`orders` (`Order_id`, `Order_date`, `Order_amount`, `Tax_amount`, `Ship_date`, `Card_number`, `Discount_percentage`, `Customer_idcustomer`) VALUES ('4', '2021-01-04', '59', '12', '2021-01-10', '3150351063403050', '20', '4');
INSERT INTO `music_store_online`.`orders` (`Order_id`, `Order_date`, `Order_amount`, `Tax_amount`, `Ship_date`, `Card_number`, `Discount_percentage`, `Customer_idcustomer`) VALUES ('5', '2021-01-05', '49', '12', '2021-01-27', '6549654064964000', '20', '5');
INSERT INTO `music_store_online`.`orders` (`Order_id`, `Order_date`, `Order_amount`, `Tax_amount`, `Ship_date`, `Card_number`, `Discount_percentage`, `Customer_idcustomer`) VALUES ('6', '2021-01-07', '69', '12', '2021-01-27', '4684653406346500', '20', '6');
INSERT INTO `music_store_online`.`orders` (`Order_id`, `Order_date`, `Order_amount`, `Tax_amount`, `Ship_date`, `Card_number`, `Discount_percentage`, `Customer_idcustomer`) VALUES ('7', '2021-01-10', '120', '12', '2021-01-27', '6849896450687969', '10', '7');
INSERT INTO `music_store_online`.`orders` (`Order_id`, `Order_date`, `Order_amount`, `Tax_amount`, `Ship_date`, `Card_number`, `Discount_percentage`, `Customer_idcustomer`) VALUES ('8', '2021-01-11', '150', '12', '2021-01-27', '0987068079867068', '10', '8');
INSERT INTO `music_store_online`.`orders` (`Order_id`, `Order_date`, `Order_amount`, `Tax_amount`, `Ship_date`, `Card_number`, `Discount_percentage`, `Customer_idcustomer`) VALUES ('9', '2021-01-12', '68', '12', '2021-01-27', '2321231320321086', '5', '9');
INSERT INTO `music_store_online`.`orders` (`Order_id`, `Order_date`, `Order_amount`, `Tax_amount`, `Ship_date`, `Card_number`, `Discount_percentage`, `Customer_idcustomer`) VALUES ('10', '2021-01-27', '49', '12', '2021-02-11', '9879864231065320', '5', '10');
INSERT INTO `music_store_online`.`orders` (`Order_id`, `Order_date`, `Order_amount`, `Tax_amount`, `Ship_date`, `Card_number`, `Discount_percentage`, `Customer_idcustomer`) VALUES ('11', '2021-01-28', '25', '12', '2021-02-11', '2316579865206540', '5', '11');
INSERT INTO `music_store_online`.`orders` (`Order_id`, `Order_date`, `Order_amount`, `Tax_amount`, `Ship_date`, `Card_number`, `Discount_percentage`, `Customer_idcustomer`) VALUES ('12', '2021-02-03', '36', '12', '2021-02-11', '3932165489764063', '5', '12');
INSERT INTO `music_store_online`.`orders` (`Order_id`, `Order_date`, `Order_amount`, `Tax_amount`, `Card_number`, `Discount_percentage`, `Customer_idcustomer`) VALUES ('13', '2021-02-09', '120', '12', '3246873221320348', '40', '13');
INSERT INTO `music_store_online`.`orders` (`Order_id`, `Order_date`, `Order_amount`, `Tax_amount`, `Ship_date`, `Card_number`, `Discount_percentage`, `Customer_idcustomer`) VALUES ('14', '2021-02-11', '180', '18', '2021-02-11', '6874685403546544', '40', '14');
INSERT INTO `music_store_online`.`orders` (`Order_id`, `Order_date`, `Order_amount`, `Tax_amount`, `Card_number`, `Discount_percentage`, `Customer_idcustomer`) VALUES ('15', '2021-02-12', '190', '18', '8796542106354135', '40', '15');
INSERT INTO `music_store_online`.`orders` (`Order_id`, `Order_date`, `Order_amount`, `Tax_amount`, `Ship_date`, `Card_number`, `Discount_percentage`, `Customer_idcustomer`) VALUES ('16', '2021-02-17', '55', '18', '2021-02-19', '8648654060860006', '40', '16');
INSERT INTO `music_store_online`.`orders` (`Order_id`, `Order_date`, `Order_amount`, `Tax_amount`, `Card_number`, `Discount_percentage`, `Customer_idcustomer`) VALUES ('17', '2021-02-18', '65', '18', '8794653254545698', '40', '17');
INSERT INTO `music_store_online`.`orders` (`Order_id`, `Order_date`, `Order_amount`, `Tax_amount`, `Card_number`, `Discount_percentage`, `Customer_idcustomer`) VALUES ('18', '2021-02-19', '47', '4', '8976453987645546', '25', '18');
INSERT INTO `music_store_online`.`orders` (`Order_id`, `Order_date`, `Order_amount`, `Tax_amount`, `Card_number`, `Discount_percentage`, `Customer_idcustomer`) VALUES ('19', '2021-03-02', '129', '4', '9875631685426546', '25', '19');
INSERT INTO `music_store_online`.`orders` (`Order_id`, `Order_date`, `Order_amount`, `Tax_amount`, `Ship_date`, `Card_number`, `Discount_percentage`, `Customer_idcustomer`) VALUES ('20', '2021-03-05', '140', '4', '2021-03-18', '6545745451542896', '25', '20');
INSERT INTO `music_store_online`.`orders` (`Order_id`, `Order_date`, `Order_amount`, `Tax_amount`, `Ship_date`, `Card_number`, `Discount_percentage`, `Customer_idcustomer`) VALUES ('21', '2021-03-06', '69', '4', '2021-03-18', '6534653416534564', '25', '21');
INSERT INTO `music_store_online`.`orders` (`Order_id`, `Order_date`, `Order_amount`, `Tax_amount`, `Ship_date`, `Card_number`, `Discount_percentage`, `Customer_idcustomer`) VALUES ('22', '2021-03-07', '96', '18', '2021-03-18', '5684684632132100', '10', '22');
INSERT INTO `music_store_online`.`orders` (`Order_id`, `Order_date`, `Order_amount`, `Tax_amount`, `Card_number`, `Discount_percentage`, `Customer_idcustomer`) VALUES ('23', '2021-03-08', '78', '18', '6540864986406680', '10', '23');
INSERT INTO `music_store_online`.`orders` (`Order_id`, `Order_date`, `Order_amount`, `Tax_amount`, `Card_number`, `Discount_percentage`, `Customer_idcustomer`) VALUES ('24', '2021-03-09', '35', '18', '0684684068406846', '10', '24');
INSERT INTO `music_store_online`.`orders` (`Order_id`, `Order_date`, `Order_amount`, `Tax_amount`, `Card_number`, `Discount_percentage`, `Customer_idcustomer`) VALUES ('25', '2021-03-10', '360', '18', '9874654660648600', '0', '25');
INSERT INTO `music_store_online`.`orders` (`Order_id`, `Order_date`, `Order_amount`, `Tax_amount`, `Card_number`, `Discount_percentage`, `Customer_idcustomer`) VALUES ('26', '2021-03-15', '145', '18', '6849864064615003', '0', '26');
INSERT INTO `music_store_online`.`orders` (`Order_id`, `Order_date`, `Order_amount`, `Tax_amount`, `Ship_date`, `Card_number`, `Discount_percentage`, `Customer_idcustomer`) VALUES ('27', '2021-03-18', '5', '18', '2021-03-26', '8649849846506840', '0', '27');
INSERT INTO `music_store_online`.`orders` (`Order_id`, `Order_date`, `Order_amount`, `Tax_amount`, `Card_number`, `Discount_percentage`, `Customer_idcustomer`) VALUES ('28', '2021-03-18', '10', '18', '8498646846546550', '40', '28');
INSERT INTO `music_store_online`.`orders` (`Order_id`, `Order_date`, `Order_amount`, `Tax_amount`, `Ship_date`, `Card_number`, `Discount_percentage`, `Customer_idcustomer`) VALUES ('29', '2021-03-18', '369', '10', '2021-03-26', '9653465350646000', '40', '29');
INSERT INTO `music_store_online`.`orders` (`Order_id`, `Order_date`, `Order_amount`, `Tax_amount`, `Ship_date`, `Card_number`, `Discount_percentage`, `Customer_idcustomer`) VALUES ('30', '2021-03-18', '58', '10', '2021-03-26', '6468463213546222', '40', '30');
INSERT INTO `music_store_online`.`orders` (`Order_id`, `Order_date`, `Order_amount`, `Tax_amount`, `Ship_date`, `Card_number`, `Discount_percentage`, `Customer_idcustomer`) VALUES ('31', '2021-03-18', '65', '10', '2021-03-26', '3696854351606546', '25', '31');
INSERT INTO `music_store_online`.`orders` (`Order_id`, `Order_date`, `Order_amount`, `Tax_amount`, `Ship_date`, `Card_number`, `Discount_percentage`, `Customer_idcustomer`) VALUES ('32', '2021-03-19', '90', '10', '2021-04-02', '6846804986460065', '25', '32');
INSERT INTO `music_store_online`.`orders` (`Order_id`, `Order_date`, `Order_amount`, `Tax_amount`, `Ship_date`, `Card_number`, `Discount_percentage`, `Customer_idcustomer`) VALUES ('33', '2021-03-26', '78', '10', '2021-04-02', '9879876465345354', '25', '33');
INSERT INTO `music_store_online`.`orders` (`Order_id`, `Order_date`, `Order_amount`, `Tax_amount`, `Ship_date`, `Card_number`, `Discount_percentage`, `Customer_idcustomer`) VALUES ('34', '2021-03-26', '59', '10', '2021-04-02', '0684864549646064', '10', '34');
INSERT INTO `music_store_online`.`orders` (`Order_id`, `Order_date`, `Order_amount`, `Tax_amount`, `Ship_date`, `Card_number`, `Discount_percentage`, `Customer_idcustomer`) VALUES ('35', '2021-04-02', '48', '10', '2021-04-02', '6468456065463433', '10', '35');
INSERT INTO `music_store_online`.`orders` (`Order_id`, `Order_date`, `Order_amount`, `Tax_amount`, `Ship_date`, `Card_number`, `Discount_percentage`, `Customer_idcustomer`) VALUES ('36', '2021-04-03', '69', '10', '2021-04-13', '6464869689878990', '30', '36');
INSERT INTO `music_store_online`.`orders` (`Order_id`, `Order_date`, `Order_amount`, `Tax_amount`, `Ship_date`, `Card_number`, `Discount_percentage`, `Customer_idcustomer`) VALUES ('37', '2021-04-04', '99', '10', '2021-04-13', '3216540665400053', '30', '37');
INSERT INTO `music_store_online`.`orders` (`Order_id`, `Order_date`, `Order_amount`, `Tax_amount`, `Ship_date`, `Card_number`, `Discount_percentage`, `Customer_idcustomer`) VALUES ('38', '2021-04-10', '79', '10', '2021-04-13', '6531684068060484', '30', '38');
INSERT INTO `music_store_online`.`orders` (`Order_id`, `Order_date`, `Order_amount`, `Tax_amount`, `Ship_date`, `Card_number`, `Discount_percentage`, `Customer_idcustomer`) VALUES ('39', '2021-04-11', '39', '10', '2021-04-13', '6899684632465340', '25', '39');
INSERT INTO `music_store_online`.`orders` (`Order_id`, `Order_date`, `Order_amount`, `Tax_amount`, `Ship_date`, `Card_number`, `Discount_percentage`, `Customer_idcustomer`) VALUES ('40', '2021-04-12', '150', '10', '2021-04-13', '6549867465441133', '25', '40');
INSERT INTO `music_store_online`.`orders` (`Order_id`, `Order_date`, `Order_amount`, `Tax_amount`, `Ship_date`, `Card_number`, `Discount_percentage`, `Customer_idcustomer`) VALUES ('41', '2021-04-13', '368', '10', '2021-05-17', '6498674640654000', '40', '41');
INSERT INTO `music_store_online`.`orders` (`Order_id`, `Order_date`, `Order_amount`, `Tax_amount`, `Ship_date`, `Card_number`, `Discount_percentage`, `Customer_idcustomer`) VALUES ('42', '2021-04-17', '900', '14', '2021-05-17', '3246503465046407', '40', '42');
INSERT INTO `music_store_online`.`orders` (`Order_id`, `Order_date`, `Order_amount`, `Tax_amount`, `Ship_date`, `Card_number`, `Discount_percentage`, `Customer_idcustomer`) VALUES ('43', '2021-04-18', '125', '14', '2021-05-17', '6534605406540005', '35', '43');
INSERT INTO `music_store_online`.`orders` (`Order_id`, `Order_date`, `Order_amount`, `Tax_amount`, `Ship_date`, `Card_number`, `Discount_percentage`, `Customer_idcustomer`) VALUES ('44', '2021-04-19', '69', '14', '2021-05-17', '6546054000354654', '0', '44');
INSERT INTO `music_store_online`.`orders` (`Order_id`, `Order_date`, `Order_amount`, `Tax_amount`, `Ship_date`, `Card_number`, `Discount_percentage`, `Customer_idcustomer`) VALUES ('45', '2021-04-26', '280', '14', '2021-05-17', '8649867465406409', '0', '45');
INSERT INTO `music_store_online`.`orders` (`Order_id`, `Order_date`, `Order_amount`, `Tax_amount`, `Ship_date`, `Card_number`, `Discount_percentage`, `Customer_idcustomer`) VALUES ('46', '2021-04-27', '250', '14', '2021-05-17', '3216543868987433', '0', '46');
INSERT INTO `music_store_online`.`orders` (`Order_id`, `Order_date`, `Order_amount`, `Tax_amount`, `Ship_date`, `Card_number`, `Discount_percentage`, `Customer_idcustomer`) VALUES ('47', '2021-04-28', '176', '14', '2021-05-23', '2123286594623213', '0', '47');
INSERT INTO `music_store_online`.`orders` (`Order_id`, `Order_date`, `Order_amount`, `Tax_amount`, `Ship_date`, `Card_number`, `Discount_percentage`, `Customer_idcustomer`) VALUES ('48', '2021-05-03', '286', '14', '2021-05-23', '6878986453324565', '0', '48');
INSERT INTO `music_store_online`.`orders` (`Order_id`, `Order_date`, `Order_amount`, `Tax_amount`, `Ship_date`, `Card_number`, `Discount_percentage`, `Customer_idcustomer`) VALUES ('49', '2021-05-03', '25', '14', '2021-05-23', '3546498645321653', '10', '49');
INSERT INTO `music_store_online`.`orders` (`Order_id`, `Order_date`, `Order_amount`, `Tax_amount`, `Ship_date`, `Card_number`, `Discount_percentage`, `Customer_idcustomer`) VALUES ('50', '2021-05-14', '99', '14', '2021-05-23', '6549654064685406', '10', '50');
INSERT INTO `music_store_online`.`orders` (`Order_id`, `Order_date`, `Order_amount`, `Tax_amount`, `Ship_date`, `Card_number`, `Discount_percentage`, `Customer_idcustomer`) VALUES ('51', '2021-05-15', '168', '14', '2021-05-23', '2132460465346003', '15', '51');
INSERT INTO `music_store_online`.`orders` (`Order_id`, `Order_date`, `Order_amount`, `Tax_amount`, `Ship_date`, `Card_number`, `Discount_percentage`, `Customer_idcustomer`) VALUES ('52', '2021-05-16', '36', '14', '2021-05-23', '6540640640606064', '15', '52');
INSERT INTO `music_store_online`.`orders` (`Order_id`, `Order_date`, `Order_amount`, `Tax_amount`, `Ship_date`, `Card_number`, `Discount_percentage`, `Customer_idcustomer`) VALUES ('53', '2021-05-17', '98', '14', '2021-05-23', '6854684098646840', '10', '53');
INSERT INTO `music_store_online`.`orders` (`Order_id`, `Order_date`, `Order_amount`, `Tax_amount`, `Ship_date`, `Card_number`, `Discount_percentage`, `Customer_idcustomer`) VALUES ('54', '2021-05-20', '450', '14', '2021-05-23', '6846531232189312', '25', '54');
INSERT INTO `music_store_online`.`orders` (`Order_id`, `Order_date`, `Order_amount`, `Tax_amount`, `Ship_date`, `Card_number`, `Discount_percentage`, `Customer_idcustomer`) VALUES ('55', '2021-05-21', '420', '8', '2021-06-16', '4684684684640684', '25', '55');
INSERT INTO `music_store_online`.`orders` (`Order_id`, `Order_date`, `Order_amount`, `Tax_amount`, `Ship_date`, `Card_number`, `Discount_percentage`, `Customer_idcustomer`) VALUES ('56', '2021-05-23', '361', '8', '2021-06-16', '8979854987986540', '30', '56');
INSERT INTO `music_store_online`.`orders` (`Order_id`, `Order_date`, `Order_amount`, `Tax_amount`, `Ship_date`, `Card_number`, `Discount_percentage`, `Customer_idcustomer`) VALUES ('57', '2021-06-01', '500', '8', '2021-06-16', '4684986540354632', '30', '57');
INSERT INTO `music_store_online`.`orders` (`Order_id`, `Order_date`, `Order_amount`, `Tax_amount`, `Card_number`, `Discount_percentage`, `Customer_idcustomer`) VALUES ('58', '2021-06-10', '120', '8', '4986579463205300', '30', '58');
INSERT INTO `music_store_online`.`orders` (`Order_id`, `Order_date`, `Order_amount`, `Tax_amount`, `Card_number`, `Discount_percentage`, `Customer_idcustomer`) VALUES ('59', '2021-06-10', '65', '8', '5643549563043210', '5', '59');
INSERT INTO `music_store_online`.`orders` (`Order_id`, `Order_date`, `Order_amount`, `Tax_amount`, `Ship_date`, `Card_number`, `Discount_percentage`, `Customer_idcustomer`) VALUES ('60', '2021-06-11', '48', '8', '2021-06-16', '3212065465498650', '5', '60');
INSERT INTO `music_store_online`.`orders` (`Order_id`, `Order_date`, `Order_amount`, `Tax_amount`, `Ship_date`, `Card_number`, `Discount_percentage`, `Customer_idcustomer`) VALUES ('61', '2021-06-12', '49', '8', '2021-06-16', '6564321354946540', '5', '8');
INSERT INTO `music_store_online`.`orders` (`Order_id`, `Order_date`, `Order_amount`, `Tax_amount`, `Ship_date`, `Card_number`, `Discount_percentage`, `Customer_idcustomer`) VALUES ('62', '2021-06-13', '50', '8', '2021-06-16', '6540041653034560', '5', '6');
INSERT INTO `music_store_online`.`orders` (`Order_id`, `Order_date`, `Order_amount`, `Tax_amount`, `Ship_date`, `Card_number`, `Discount_percentage`, `Customer_idcustomer`) VALUES ('63', '2021-06-15', '36', '8', '2021-06-16', '6549640659789632', '10', '48');
INSERT INTO `music_store_online`.`orders` (`Order_id`, `Order_date`, `Order_amount`, `Tax_amount`, `Ship_date`, `Card_number`, `Discount_percentage`, `Customer_idcustomer`) VALUES ('64', '2021-06-15', '49', '12', '2021-06-23', '2343120659463520', '10', '36');
INSERT INTO `music_store_online`.`orders` (`Order_id`, `Order_date`, `Order_amount`, `Tax_amount`, `Card_number`, `Discount_percentage`, `Customer_idcustomer`) VALUES ('65', '2021-06-16', '58', '8', '6666535235454450', '10', '56');
INSERT INTO `music_store_online`.`orders` (`Order_id`, `Order_date`, `Order_amount`, `Tax_amount`, `Ship_date`, `Card_number`, `Discount_percentage`, `Customer_idcustomer`) VALUES ('66', '2021-06-18', '29', '8', '2021-06-23', '0646540653460065', '10', '32');
INSERT INTO `music_store_online`.`orders` (`Order_id`, `Order_date`, `Order_amount`, `Tax_amount`, `Card_number`, `Discount_percentage`, `Customer_idcustomer`) VALUES ('67', '2021-06-19', '56', '8', '0685794806864098', '30', '15');
INSERT INTO `music_store_online`.`orders` (`Order_id`, `Order_date`, `Order_amount`, `Tax_amount`, `Ship_date`, `Card_number`, `Discount_percentage`, `Customer_idcustomer`) VALUES ('68', '2021-06-20', '79', '8', '2021-06-23', '9867986096490860', '30', '16');
INSERT INTO `music_store_online`.`orders` (`Order_id`, `Order_date`, `Order_amount`, `Tax_amount`, `Ship_date`, `Card_number`, `Discount_percentage`, `Customer_idcustomer`) VALUES ('69', '2021-06-22', '120', '12', '2021-06-23', '6879864321322960', '30', '27');
INSERT INTO `music_store_online`.`orders` (`Order_id`, `Order_date`, `Order_amount`, `Tax_amount`, `Ship_date`, `Card_number`, `Discount_percentage`, `Customer_idcustomer`) VALUES ('70', '2021-06-23', '150', '12', '2021-07-07', '6979654960968465', '25', '29');
INSERT INTO `music_store_online`.`orders` (`Order_id`, `Order_date`, `Order_amount`, `Tax_amount`, `Ship_date`, `Card_number`, `Discount_percentage`, `Customer_idcustomer`) VALUES ('71', '2021-06-23', '160', '12', '2021-07-07', '5320100224654606', '25', '34');
INSERT INTO `music_store_online`.`orders` (`Order_id`, `Order_date`, `Order_amount`, `Tax_amount`, `Ship_date`, `Card_number`, `Discount_percentage`, `Customer_idcustomer`) VALUES ('72', '2021-07-06', '210', '12', '2021-07-07', '6498956432063546', '25', '28');
INSERT INTO `music_store_online`.`orders` (`Order_id`, `Order_date`, `Order_amount`, `Tax_amount`, `Ship_date`, `Card_number`, `Discount_percentage`, `Customer_idcustomer`) VALUES ('73', '2021-07-07', '41', '12', '2021-07-15', '6874968754064653', '25', '18');
INSERT INTO `music_store_online`.`orders` (`Order_id`, `Order_date`, `Order_amount`, `Tax_amount`, `Ship_date`, `Card_number`, `Discount_percentage`, `Customer_idcustomer`) VALUES ('74', '2021-07-08', '69', '10', '2021-07-15', '6212132187946321', '5', '8');
INSERT INTO `music_store_online`.`orders` (`Order_id`, `Order_date`, `Order_amount`, `Tax_amount`, `Card_number`, `Discount_percentage`, `Customer_idcustomer`) VALUES ('75', '2021-07-09', '320', '10', '1234168384965000', '5', '45');
INSERT INTO `music_store_online`.`orders` (`Order_id`, `Order_date`, `Order_amount`, `Tax_amount`, `Ship_date`, `Card_number`, `Discount_percentage`, `Customer_idcustomer`) VALUES ('76', '2021-07-11', '350', '10', '2021-07-15', '6848646854846350', '10', '38');
INSERT INTO `music_store_online`.`orders` (`Order_id`, `Order_date`, `Order_amount`, `Tax_amount`, `Card_number`, `Discount_percentage`, `Customer_idcustomer`) VALUES ('77', '2021-07-13', '160', '10', '2451034163241603', '10', '37');
INSERT INTO `music_store_online`.`orders` (`Order_id`, `Order_date`, `Order_amount`, `Tax_amount`, `Ship_date`, `Card_number`, `Discount_percentage`, `Customer_idcustomer`) VALUES ('78', '2021-07-15', '466', '10', '2021-07-15', '4564535436506003', '10', '36');
INSERT INTO `music_store_online`.`orders` (`Order_id`, `Order_date`, `Order_amount`, `Tax_amount`, `Ship_date`, `Card_number`, `Discount_percentage`, `Customer_idcustomer`) VALUES ('79', '2021-07-25', '120', '5', '2021-07-15', '9864685465054603', '10', '31');
INSERT INTO `music_store_online`.`orders` (`Order_id`, `Order_date`, `Order_amount`, `Tax_amount`, `Card_number`, `Discount_percentage`, `Customer_idcustomer`) VALUES ('80', '2021-08-01', '56', '5', '2132489976506579', '0', '22');


INSERT INTO `music_store_online`.`artist_has_albums` (`Artist_idartist`, `Albums_Album_id`, `No_of_albums`) VALUES ('1', '1', '25');
INSERT INTO `music_store_online`.`artist_has_albums` (`Artist_idartist`, `Albums_Album_id`, `No_of_albums`) VALUES ('2', '2', '40');
INSERT INTO `music_store_online`.`artist_has_albums` (`Artist_idartist`, `Albums_Album_id`, `No_of_albums`) VALUES ('3', '3', '100');
INSERT INTO `music_store_online`.`artist_has_albums` (`Artist_idartist`, `Albums_Album_id`, `No_of_albums`) VALUES ('4', '4', '120');
INSERT INTO `music_store_online`.`artist_has_albums` (`Artist_idartist`, `Albums_Album_id`, `No_of_albums`) VALUES ('5', '5', '45');
INSERT INTO `music_store_online`.`artist_has_albums` (`Artist_idartist`, `Albums_Album_id`, `No_of_albums`) VALUES ('6', '6', '69');
INSERT INTO `music_store_online`.`artist_has_albums` (`Artist_idartist`, `Albums_Album_id`, `No_of_albums`) VALUES ('7', '7', '45');
INSERT INTO `music_store_online`.`artist_has_albums` (`Artist_idartist`, `Albums_Album_id`, `No_of_albums`) VALUES ('8', '8', '12');
INSERT INTO `music_store_online`.`artist_has_albums` (`Artist_idartist`, `Albums_Album_id`, `No_of_albums`) VALUES ('9', '9', '100');
INSERT INTO `music_store_online`.`artist_has_albums` (`Artist_idartist`, `Albums_Album_id`, `No_of_albums`) VALUES ('10', '10', '40');
INSERT INTO `music_store_online`.`artist_has_albums` (`Artist_idartist`, `Albums_Album_id`, `No_of_albums`) VALUES ('11', '11', '50');
INSERT INTO `music_store_online`.`artist_has_albums` (`Artist_idartist`, `Albums_Album_id`, `No_of_albums`) VALUES ('12', '23', '60');
INSERT INTO `music_store_online`.`artist_has_albums` (`Artist_idartist`, `Albums_Album_id`, `No_of_albums`) VALUES ('13', '24', '70');
INSERT INTO `music_store_online`.`artist_has_albums` (`Artist_idartist`, `Albums_Album_id`, `No_of_albums`) VALUES ('14', '25', '80');
INSERT INTO `music_store_online`.`artist_has_albums` (`Artist_idartist`, `Albums_Album_id`, `No_of_albums`) VALUES ('15', '26', '90');
INSERT INTO `music_store_online`.`artist_has_albums` (`Artist_idartist`, `Albums_Album_id`, `No_of_albums`) VALUES ('16', '27', '100');
INSERT INTO `music_store_online`.`artist_has_albums` (`Artist_idartist`, `Albums_Album_id`, `No_of_albums`) VALUES ('17', '28', '120');
INSERT INTO `music_store_online`.`artist_has_albums` (`Artist_idartist`, `Albums_Album_id`, `No_of_albums`) VALUES ('18', '29', '40');
INSERT INTO `music_store_online`.`artist_has_albums` (`Artist_idartist`, `Albums_Album_id`, `No_of_albums`) VALUES ('19', '30', '50');
INSERT INTO `music_store_online`.`artist_has_albums` (`Artist_idartist`, `Albums_Album_id`, `No_of_albums`) VALUES ('20', '12', '60');
INSERT INTO `music_store_online`.`artist_has_albums` (`Artist_idartist`, `Albums_Album_id`, `No_of_albums`) VALUES ('21', '13', '70');
INSERT INTO `music_store_online`.`artist_has_albums` (`Artist_idartist`, `Albums_Album_id`, `No_of_albums`) VALUES ('22', '14', '65');
INSERT INTO `music_store_online`.`artist_has_albums` (`Artist_idartist`, `Albums_Album_id`, `No_of_albums`) VALUES ('23', '15', '25');
INSERT INTO `music_store_online`.`artist_has_albums` (`Artist_idartist`, `Albums_Album_id`, `No_of_albums`) VALUES ('24', '16', '10');
INSERT INTO `music_store_online`.`artist_has_albums` (`Artist_idartist`, `Albums_Album_id`, `No_of_albums`) VALUES ('1', '17', '100');
INSERT INTO `music_store_online`.`artist_has_albums` (`Artist_idartist`, `Albums_Album_id`, `No_of_albums`) VALUES ('2', '18', '75');
INSERT INTO `music_store_online`.`artist_has_albums` (`Artist_idartist`, `Albums_Album_id`, `No_of_albums`) VALUES ('3', '19', '60');
INSERT INTO `music_store_online`.`artist_has_albums` (`Artist_idartist`, `Albums_Album_id`, `No_of_albums`) VALUES ('4', '20', '35');
INSERT INTO `music_store_online`.`artist_has_albums` (`Artist_idartist`, `Albums_Album_id`, `No_of_albums`) VALUES ('5', '21', '40');
INSERT INTO `music_store_online`.`artist_has_albums` (`Artist_idartist`, `Albums_Album_id`, `No_of_albums`) VALUES ('6', '22', '150');
INSERT INTO `music_store_online`.`artist_has_albums` (`Artist_idartist`, `Albums_Album_id`, `No_of_albums`) VALUES ('7', '31', '200');
INSERT INTO `music_store_online`.`artist_has_albums` (`Artist_idartist`, `Albums_Album_id`, `No_of_albums`) VALUES ('8', '40', '180');
INSERT INTO `music_store_online`.`artist_has_albums` (`Artist_idartist`, `Albums_Album_id`, `No_of_albums`) VALUES ('9', '41', '90');
INSERT INTO `music_store_online`.`artist_has_albums` (`Artist_idartist`, `Albums_Album_id`, `No_of_albums`) VALUES ('10', '42', '190');
INSERT INTO `music_store_online`.`artist_has_albums` (`Artist_idartist`, `Albums_Album_id`, `No_of_albums`) VALUES ('11', '32', '60');
INSERT INTO `music_store_online`.`artist_has_albums` (`Artist_idartist`, `Albums_Album_id`, `No_of_albums`) VALUES ('12', '33', '120');
INSERT INTO `music_store_online`.`artist_has_albums` (`Artist_idartist`, `Albums_Album_id`, `No_of_albums`) VALUES ('13', '34', '150');
INSERT INTO `music_store_online`.`artist_has_albums` (`Artist_idartist`, `Albums_Album_id`, `No_of_albums`) VALUES ('14', '35', '400');
INSERT INTO `music_store_online`.`artist_has_albums` (`Artist_idartist`, `Albums_Album_id`, `No_of_albums`) VALUES ('15', '36', '125');
INSERT INTO `music_store_online`.`artist_has_albums` (`Artist_idartist`, `Albums_Album_id`, `No_of_albums`) VALUES ('16', '37', '100');
INSERT INTO `music_store_online`.`artist_has_albums` (`Artist_idartist`, `Albums_Album_id`, `No_of_albums`) VALUES ('17', '38', '90');
INSERT INTO `music_store_online`.`artist_has_albums` (`Artist_idartist`, `Albums_Album_id`, `No_of_albums`) VALUES ('18', '39', '150');
INSERT INTO `music_store_online`.`artist_has_albums` (`Artist_idartist`, `Albums_Album_id`, `No_of_albums`) VALUES ('19', '43', '300');
INSERT INTO `music_store_online`.`artist_has_albums` (`Artist_idartist`, `Albums_Album_id`, `No_of_albums`) VALUES ('20', '44', '150');


INSERT INTO `music_store_online`.`instrument_has_albums` (`Instrument_idInstrument`, `Albums_Album_id`) VALUES ('1', '1');
INSERT INTO `music_store_online`.`instrument_has_albums` (`Instrument_idInstrument`, `Albums_Album_id`) VALUES ('2', '2');
INSERT INTO `music_store_online`.`instrument_has_albums` (`Instrument_idInstrument`, `Albums_Album_id`) VALUES ('3', '3');
INSERT INTO `music_store_online`.`instrument_has_albums` (`Instrument_idInstrument`, `Albums_Album_id`) VALUES ('4', '4');
INSERT INTO `music_store_online`.`instrument_has_albums` (`Instrument_idInstrument`, `Albums_Album_id`) VALUES ('5', '5');
INSERT INTO `music_store_online`.`instrument_has_albums` (`Instrument_idInstrument`, `Albums_Album_id`) VALUES ('6', '6');
INSERT INTO `music_store_online`.`instrument_has_albums` (`Instrument_idInstrument`, `Albums_Album_id`) VALUES ('7', '7');
INSERT INTO `music_store_online`.`instrument_has_albums` (`Instrument_idInstrument`, `Albums_Album_id`) VALUES ('8', '8');
INSERT INTO `music_store_online`.`instrument_has_albums` (`Instrument_idInstrument`, `Albums_Album_id`) VALUES ('9', '9');
INSERT INTO `music_store_online`.`instrument_has_albums` (`Instrument_idInstrument`, `Albums_Album_id`) VALUES ('1', '10');
INSERT INTO `music_store_online`.`instrument_has_albums` (`Instrument_idInstrument`, `Albums_Album_id`) VALUES ('2', '11');
INSERT INTO `music_store_online`.`instrument_has_albums` (`Instrument_idInstrument`, `Albums_Album_id`) VALUES ('3', '12');
INSERT INTO `music_store_online`.`instrument_has_albums` (`Instrument_idInstrument`, `Albums_Album_id`) VALUES ('4', '13');
INSERT INTO `music_store_online`.`instrument_has_albums` (`Instrument_idInstrument`, `Albums_Album_id`) VALUES ('5', '14');
INSERT INTO `music_store_online`.`instrument_has_albums` (`Instrument_idInstrument`, `Albums_Album_id`) VALUES ('6', '15');
INSERT INTO `music_store_online`.`instrument_has_albums` (`Instrument_idInstrument`, `Albums_Album_id`) VALUES ('7', '16');
INSERT INTO `music_store_online`.`instrument_has_albums` (`Instrument_idInstrument`, `Albums_Album_id`) VALUES ('8', '17');
INSERT INTO `music_store_online`.`instrument_has_albums` (`Instrument_idInstrument`, `Albums_Album_id`) VALUES ('9', '18');
INSERT INTO `music_store_online`.`instrument_has_albums` (`Instrument_idInstrument`, `Albums_Album_id`) VALUES ('1', '19');
INSERT INTO `music_store_online`.`instrument_has_albums` (`Instrument_idInstrument`, `Albums_Album_id`) VALUES ('2', '20');
INSERT INTO `music_store_online`.`instrument_has_albums` (`Instrument_idInstrument`, `Albums_Album_id`) VALUES ('3', '21');
INSERT INTO `music_store_online`.`instrument_has_albums` (`Instrument_idInstrument`, `Albums_Album_id`) VALUES ('4', '22');
INSERT INTO `music_store_online`.`instrument_has_albums` (`Instrument_idInstrument`, `Albums_Album_id`) VALUES ('5', '23');
INSERT INTO `music_store_online`.`instrument_has_albums` (`Instrument_idInstrument`, `Albums_Album_id`) VALUES ('6', '24');
INSERT INTO `music_store_online`.`instrument_has_albums` (`Instrument_idInstrument`, `Albums_Album_id`) VALUES ('7', '25');
INSERT INTO `music_store_online`.`instrument_has_albums` (`Instrument_idInstrument`, `Albums_Album_id`) VALUES ('8', '26');
INSERT INTO `music_store_online`.`instrument_has_albums` (`Instrument_idInstrument`, `Albums_Album_id`) VALUES ('9', '27');
INSERT INTO `music_store_online`.`instrument_has_albums` (`Instrument_idInstrument`, `Albums_Album_id`) VALUES ('1', '28');
INSERT INTO `music_store_online`.`instrument_has_albums` (`Instrument_idInstrument`, `Albums_Album_id`) VALUES ('2', '29');
INSERT INTO `music_store_online`.`instrument_has_albums` (`Instrument_idInstrument`, `Albums_Album_id`) VALUES ('3', '30');
INSERT INTO `music_store_online`.`instrument_has_albums` (`Instrument_idInstrument`, `Albums_Album_id`) VALUES ('4', '31');
INSERT INTO `music_store_online`.`instrument_has_albums` (`Instrument_idInstrument`, `Albums_Album_id`) VALUES ('5', '32');
INSERT INTO `music_store_online`.`instrument_has_albums` (`Instrument_idInstrument`, `Albums_Album_id`) VALUES ('6', '33');
INSERT INTO `music_store_online`.`instrument_has_albums` (`Instrument_idInstrument`, `Albums_Album_id`) VALUES ('9', '34');
INSERT INTO `music_store_online`.`instrument_has_albums` (`Instrument_idInstrument`, `Albums_Album_id`) VALUES ('8', '35');
INSERT INTO `music_store_online`.`instrument_has_albums` (`Instrument_idInstrument`, `Albums_Album_id`) VALUES ('7', '36');
INSERT INTO `music_store_online`.`instrument_has_albums` (`Instrument_idInstrument`, `Albums_Album_id`) VALUES ('3', '37');
INSERT INTO `music_store_online`.`instrument_has_albums` (`Instrument_idInstrument`, `Albums_Album_id`) VALUES ('2', '38');
INSERT INTO `music_store_online`.`instrument_has_albums` (`Instrument_idInstrument`, `Albums_Album_id`) VALUES ('1', '39');
INSERT INTO `music_store_online`.`instrument_has_albums` (`Instrument_idInstrument`, `Albums_Album_id`) VALUES ('6', '40');
INSERT INTO `music_store_online`.`instrument_has_albums` (`Instrument_idInstrument`, `Albums_Album_id`) VALUES ('5', '41');
INSERT INTO `music_store_online`.`instrument_has_albums` (`Instrument_idInstrument`, `Albums_Album_id`) VALUES ('4', '42');
INSERT INTO `music_store_online`.`instrument_has_albums` (`Instrument_idInstrument`, `Albums_Album_id`) VALUES ('9', '43');
INSERT INTO `music_store_online`.`instrument_has_albums` (`Instrument_idInstrument`, `Albums_Album_id`) VALUES ('8', '44');
INSERT INTO `music_store_online`.`instrument_has_albums` (`Instrument_idInstrument`, `Albums_Album_id`) VALUES ('2', '1');
INSERT INTO `music_store_online`.`instrument_has_albums` (`Instrument_idInstrument`, `Albums_Album_id`) VALUES ('3', '2');
INSERT INTO `music_store_online`.`instrument_has_albums` (`Instrument_idInstrument`, `Albums_Album_id`) VALUES ('4', '3');
INSERT INTO `music_store_online`.`instrument_has_albums` (`Instrument_idInstrument`, `Albums_Album_id`) VALUES ('5', '4');
INSERT INTO `music_store_online`.`instrument_has_albums` (`Instrument_idInstrument`, `Albums_Album_id`) VALUES ('6', '5');
INSERT INTO `music_store_online`.`instrument_has_albums` (`Instrument_idInstrument`, `Albums_Album_id`) VALUES ('7', '6');
INSERT INTO `music_store_online`.`instrument_has_albums` (`Instrument_idInstrument`, `Albums_Album_id`) VALUES ('8', '7');
INSERT INTO `music_store_online`.`instrument_has_albums` (`Instrument_idInstrument`, `Albums_Album_id`) VALUES ('9', '8');
INSERT INTO `music_store_online`.`instrument_has_albums` (`Instrument_idInstrument`, `Albums_Album_id`) VALUES ('1', '9');
INSERT INTO `music_store_online`.`instrument_has_albums` (`Instrument_idInstrument`, `Albums_Album_id`) VALUES ('2', '10');
INSERT INTO `music_store_online`.`instrument_has_albums` (`Instrument_idInstrument`, `Albums_Album_id`) VALUES ('3', '11');
INSERT INTO `music_store_online`.`instrument_has_albums` (`Instrument_idInstrument`, `Albums_Album_id`) VALUES ('4', '12');
INSERT INTO `music_store_online`.`instrument_has_albums` (`Instrument_idInstrument`, `Albums_Album_id`) VALUES ('5', '13');
INSERT INTO `music_store_online`.`instrument_has_albums` (`Instrument_idInstrument`, `Albums_Album_id`) VALUES ('6', '14');
INSERT INTO `music_store_online`.`instrument_has_albums` (`Instrument_idInstrument`, `Albums_Album_id`) VALUES ('7', '15');
INSERT INTO `music_store_online`.`instrument_has_albums` (`Instrument_idInstrument`, `Albums_Album_id`) VALUES ('8', '16');

INSERT INTO `music_store_online`.`order_items` (`Item_id`, `No_of_samples`, `Albums_Album_id`, `Orders_idOrders`, `Item_price`) VALUES ('1', '3', '2', '45', '90');
INSERT INTO `music_store_online`.`order_items` (`Item_id`, `No_of_samples`, `Albums_Album_id`, `Orders_idOrders`, `Item_price`) VALUES ('2', '5', '4', '46', '450');
INSERT INTO `music_store_online`.`order_items` (`Item_id`, `No_of_samples`, `Albums_Album_id`, `Orders_idOrders`, `Item_price`) VALUES ('3', '6', '6', '47', '130');
INSERT INTO `music_store_online`.`order_items` (`Item_id`, `No_of_samples`, `Albums_Album_id`, `Orders_idOrders`, `Item_price`) VALUES ('4', '6', '8', '48', '80');
INSERT INTO `music_store_online`.`order_items` (`Item_id`, `No_of_samples`, `Albums_Album_id`, `Orders_idOrders`, `Item_price`) VALUES ('5', '5', '10', '49', '10');
INSERT INTO `music_store_online`.`order_items` (`Item_id`, `No_of_samples`, `Albums_Album_id`, `Orders_idOrders`, `Item_price`) VALUES ('6', '10', '1', '50', '12');
INSERT INTO `music_store_online`.`order_items` (`Item_id`, `No_of_samples`, `Albums_Album_id`, `Orders_idOrders`, `Item_price`) VALUES ('7', '2', '3', '1', '9');
INSERT INTO `music_store_online`.`order_items` (`Item_id`, `No_of_samples`, `Albums_Album_id`, `Orders_idOrders`, `Item_price`) VALUES ('8', '3', '5', '2', '15');
INSERT INTO `music_store_online`.`order_items` (`Item_id`, `No_of_samples`, `Albums_Album_id`, `Orders_idOrders`, `Item_price`) VALUES ('9', '10', '7', '3', '11');
INSERT INTO `music_store_online`.`order_items` (`Item_id`, `No_of_samples`, `Albums_Album_id`, `Orders_idOrders`, `Item_price`) VALUES ('10', '10', '9', '4', '10');
INSERT INTO `music_store_online`.`order_items` (`Item_id`, `No_of_samples`, `Albums_Album_id`, `Orders_idOrders`, `Item_price`) VALUES ('11', '5', '11', '5', '15');
INSERT INTO `music_store_online`.`order_items` (`Item_id`, `No_of_samples`, `Albums_Album_id`, `Orders_idOrders`, `Item_price`) VALUES ('12', '2', '12', '11', '25');
INSERT INTO `music_store_online`.`order_items` (`Item_id`, `No_of_samples`, `Albums_Album_id`, `Orders_idOrders`, `Item_price`) VALUES ('13', '12', '14', '12', '36');
INSERT INTO `music_store_online`.`order_items` (`Item_id`, `No_of_samples`, `Albums_Album_id`, `Orders_idOrders`, `Item_price`) VALUES ('14', '5', '16', '13', '48');
INSERT INTO `music_store_online`.`order_items` (`Item_id`, `No_of_samples`, `Albums_Album_id`, `Orders_idOrders`, `Item_price`) VALUES ('15', '11', '18', '14', '91');
INSERT INTO `music_store_online`.`order_items` (`Item_id`, `No_of_samples`, `Albums_Album_id`, `Orders_idOrders`, `Item_price`) VALUES ('16', '10', '20', '15', '10');
INSERT INTO `music_store_online`.`order_items` (`Item_id`, `No_of_samples`, `Albums_Album_id`, `Orders_idOrders`, `Item_price`) VALUES ('17', '5', '19', '6', '28');
INSERT INTO `music_store_online`.`order_items` (`Item_id`, `No_of_samples`, `Albums_Album_id`, `Orders_idOrders`, `Item_price`) VALUES ('18', '2', '17', '7', '49');
INSERT INTO `music_store_online`.`order_items` (`Item_id`, `No_of_samples`, `Albums_Album_id`, `Orders_idOrders`, `Item_price`) VALUES ('19', '1', '15', '8', '120');
INSERT INTO `music_store_online`.`order_items` (`Item_id`, `No_of_samples`, `Albums_Album_id`, `Orders_idOrders`, `Item_price`) VALUES ('20', '2', '13', '9', '54');
INSERT INTO `music_store_online`.`order_items` (`Item_id`, `No_of_samples`, `Albums_Album_id`, `Orders_idOrders`, `Item_price`) VALUES ('21', '5', '21', '10', '96');
INSERT INTO `music_store_online`.`order_items` (`Item_id`, `No_of_samples`, `Albums_Album_id`, `Orders_idOrders`, `Item_price`) VALUES ('22', '2', '22', '16', '120');
INSERT INTO `music_store_online`.`order_items` (`Item_id`, `No_of_samples`, `Albums_Album_id`, `Orders_idOrders`, `Item_price`) VALUES ('23', '9', '23', '17', '49');
INSERT INTO `music_store_online`.`order_items` (`Item_id`, `No_of_samples`, `Albums_Album_id`, `Orders_idOrders`, `Item_price`) VALUES ('24', '11', '24', '18', '59');
INSERT INTO `music_store_online`.`order_items` (`Item_id`, `No_of_samples`, `Albums_Album_id`, `Orders_idOrders`, `Item_price`) VALUES ('25', '5', '25', '19', '10');
INSERT INTO `music_store_online`.`order_items` (`Item_id`, `No_of_samples`, `Albums_Album_id`, `Orders_idOrders`, `Item_price`) VALUES ('26', '6', '26', '20', '15');
INSERT INTO `music_store_online`.`order_items` (`Item_id`, `No_of_samples`, `Albums_Album_id`, `Orders_idOrders`, `Item_price`) VALUES ('27', '7', '27', '41', '35');
INSERT INTO `music_store_online`.`order_items` (`Item_id`, `No_of_samples`, `Albums_Album_id`, `Orders_idOrders`, `Item_price`) VALUES ('28', '9', '28', '42', '25');
INSERT INTO `music_store_online`.`order_items` (`Item_id`, `No_of_samples`, `Albums_Album_id`, `Orders_idOrders`, `Item_price`) VALUES ('29', '10', '29', '43', '39');
INSERT INTO `music_store_online`.`order_items` (`Item_id`, `No_of_samples`, `Albums_Album_id`, `Orders_idOrders`, `Item_price`) VALUES ('30', '15', '30', '44', '40');
INSERT INTO `music_store_online`.`order_items` (`Item_id`, `No_of_samples`, `Albums_Album_id`, `Orders_idOrders`, `Item_price`) VALUES ('31', '9', '31', '21', '39');
INSERT INTO `music_store_online`.`order_items` (`Item_id`, `No_of_samples`, `Albums_Album_id`, `Orders_idOrders`, `Item_price`) VALUES ('32', '7', '33', '22', '49');
INSERT INTO `music_store_online`.`order_items` (`Item_id`, `No_of_samples`, `Albums_Album_id`, `Orders_idOrders`, `Item_price`) VALUES ('33', '7', '35', '23', '59');
INSERT INTO `music_store_online`.`order_items` (`Item_id`, `No_of_samples`, `Albums_Album_id`, `Orders_idOrders`, `Item_price`) VALUES ('34', '4', '37', '24', '129');
INSERT INTO `music_store_online`.`order_items` (`Item_id`, `No_of_samples`, `Albums_Album_id`, `Orders_idOrders`, `Item_price`) VALUES ('35', '6', '39', '25', '150');
INSERT INTO `music_store_online`.`order_items` (`Item_id`, `No_of_samples`, `Albums_Album_id`, `Orders_idOrders`, `Item_price`) VALUES ('36', '8', '41', '26', '79');
INSERT INTO `music_store_online`.`order_items` (`Item_id`, `No_of_samples`, `Albums_Album_id`, `Orders_idOrders`, `Item_price`) VALUES ('37', '5', '40', '27', '25');
INSERT INTO `music_store_online`.`order_items` (`Item_id`, `No_of_samples`, `Albums_Album_id`, `Orders_idOrders`, `Item_price`) VALUES ('38', '9', '38', '28', '10');
INSERT INTO `music_store_online`.`order_items` (`Item_id`, `No_of_samples`, `Albums_Album_id`, `Orders_idOrders`, `Item_price`) VALUES ('39', '10', '36', '29', '29');
INSERT INTO `music_store_online`.`order_items` (`Item_id`, `No_of_samples`, `Albums_Album_id`, `Orders_idOrders`, `Item_price`) VALUES ('40', '8', '34', '30', '69');
INSERT INTO `music_store_online`.`order_items` (`Item_id`, `No_of_samples`, `Albums_Album_id`, `Orders_idOrders`, `Item_price`) VALUES ('41', '11', '32', '36', '70');
INSERT INTO `music_store_online`.`order_items` (`Item_id`, `No_of_samples`, `Albums_Album_id`, `Orders_idOrders`, `Item_price`) VALUES ('42', '2', '42', '37', '115');
INSERT INTO `music_store_online`.`order_items` (`Item_id`, `No_of_samples`, `Albums_Album_id`, `Orders_idOrders`, `Item_price`) VALUES ('43', '3', '43', '38', '120');
INSERT INTO `music_store_online`.`order_items` (`Item_id`, `No_of_samples`, `Albums_Album_id`, `Orders_idOrders`, `Item_price`) VALUES ('44', '5', '44', '39', '50');
INSERT INTO `music_store_online`.`order_items` (`Item_id`, `No_of_samples`, `Albums_Album_id`, `Orders_idOrders`, `Item_price`) VALUES ('45', '5', '2', '31', '60');
INSERT INTO `music_store_online`.`order_items` (`Item_id`, `No_of_samples`, `Albums_Album_id`, `Orders_idOrders`, `Item_price`) VALUES ('46', '5', '6', '32', '70');
INSERT INTO `music_store_online`.`order_items` (`Item_id`, `No_of_samples`, `Albums_Album_id`, `Orders_idOrders`, `Item_price`) VALUES ('47', '5', '8', '33', '25');
INSERT INTO `music_store_online`.`order_items` (`Item_id`, `No_of_samples`, `Albums_Album_id`, `Orders_idOrders`, `Item_price`) VALUES ('48', '6', '4', '34', '35');
INSERT INTO `music_store_online`.`order_items` (`Item_id`, `No_of_samples`, `Albums_Album_id`, `Orders_idOrders`, `Item_price`) VALUES ('49', '6', '5', '35', '45');
INSERT INTO `music_store_online`.`order_items` (`Item_id`, `No_of_samples`, `Albums_Album_id`, `Orders_idOrders`, `Item_price`) VALUES ('50', '6', '7', '40', '55');
INSERT INTO `music_store_online`.`order_items` (`Item_id`, `No_of_samples`, `Albums_Album_id`, `Orders_idOrders`, `Item_price`) VALUES ('51', '6', '9', '51', '65');
INSERT INTO `music_store_online`.`order_items` (`Item_id`, `No_of_samples`, `Albums_Album_id`, `Orders_idOrders`, `Item_price`) VALUES ('52', '4', '1', '52', '70');
INSERT INTO `music_store_online`.`order_items` (`Item_id`, `No_of_samples`, `Albums_Album_id`, `Orders_idOrders`, `Item_price`) VALUES ('53', '4', '3', '53', '70');
INSERT INTO `music_store_online`.`order_items` (`Item_id`, `No_of_samples`, `Albums_Album_id`, `Orders_idOrders`, `Item_price`) VALUES ('54', '8', '15', '54', '70');
INSERT INTO `music_store_online`.`order_items` (`Item_id`, `No_of_samples`, `Albums_Album_id`, `Orders_idOrders`, `Item_price`) VALUES ('55', '9', '16', '55', '50');
INSERT INTO `music_store_online`.`order_items` (`Item_id`, `No_of_samples`, `Albums_Album_id`, `Orders_idOrders`, `Item_price`) VALUES ('56', '1', '14', '56', '50');
INSERT INTO `music_store_online`.`order_items` (`Item_id`, `No_of_samples`, `Albums_Album_id`, `Orders_idOrders`, `Item_price`) VALUES ('57', '2', '38', '57', '40');
INSERT INTO `music_store_online`.`order_items` (`Item_id`, `No_of_samples`, `Albums_Album_id`, `Orders_idOrders`, `Item_price`) VALUES ('58', '3', '5', '58', '39');
INSERT INTO `music_store_online`.`order_items` (`Item_id`, `No_of_samples`, `Albums_Album_id`, `Orders_idOrders`, `Item_price`) VALUES ('59', '5', '17', '59', '79');
INSERT INTO `music_store_online`.`order_items` (`Item_id`, `No_of_samples`, `Albums_Album_id`, `Orders_idOrders`, `Item_price`) VALUES ('60', '7', '39', '60', '79');
INSERT INTO `music_store_online`.`order_items` (`Item_id`, `No_of_samples`, `Albums_Album_id`, `Orders_idOrders`, `Item_price`) VALUES ('61', '10', '36', '71', '69');
INSERT INTO `music_store_online`.`order_items` (`Item_id`, `No_of_samples`, `Albums_Album_id`, `Orders_idOrders`, `Item_price`) VALUES ('62', '2', '25', '72', '29');
INSERT INTO `music_store_online`.`order_items` (`Item_id`, `No_of_samples`, `Albums_Album_id`, `Orders_idOrders`, `Item_price`) VALUES ('63', '3', '18', '73', '49');
INSERT INTO `music_store_online`.`order_items` (`Item_id`, `No_of_samples`, `Albums_Album_id`, `Orders_idOrders`, `Item_price`) VALUES ('64', '3', '09', '74', '19');
INSERT INTO `music_store_online`.`order_items` (`Item_id`, `No_of_samples`, `Albums_Album_id`, `Orders_idOrders`, `Item_price`) VALUES ('65', '6', '36', '75', '55');
INSERT INTO `music_store_online`.`order_items` (`Item_id`, `No_of_samples`, `Albums_Album_id`, `Orders_idOrders`, `Item_price`) VALUES ('66', '8', '44', '76', '65');
INSERT INTO `music_store_online`.`order_items` (`Item_id`, `No_of_samples`, `Albums_Album_id`, `Orders_idOrders`, `Item_price`) VALUES ('67', '9', '43', '77', '17');
INSERT INTO `music_store_online`.`order_items` (`Item_id`, `No_of_samples`, `Albums_Album_id`, `Orders_idOrders`, `Item_price`) VALUES ('68', '11', '42', '78', '18');
INSERT INTO `music_store_online`.`order_items` (`Item_id`, `No_of_samples`, `Albums_Album_id`, `Orders_idOrders`, `Item_price`) VALUES ('69', '10', '41', '79', '45');
INSERT INTO `music_store_online`.`order_items` (`Item_id`, `No_of_samples`, `Albums_Album_id`, `Orders_idOrders`, `Item_price`) VALUES ('70', '10', '40', '80', '45');
INSERT INTO `music_store_online`.`order_items` (`Item_id`, `No_of_samples`, `Albums_Album_id`, `Orders_idOrders`, `Item_price`) VALUES ('71', '10', '39', '61', '45');
INSERT INTO `music_store_online`.`order_items` (`Item_id`, `No_of_samples`, `Albums_Album_id`, `Orders_idOrders`, `Item_price`) VALUES ('72', '10', '38', '62', '45');
INSERT INTO `music_store_online`.`order_items` (`Item_id`, `No_of_samples`, `Albums_Album_id`, `Orders_idOrders`, `Item_price`) VALUES ('73', '5', '37', '63', '60');
INSERT INTO `music_store_online`.`order_items` (`Item_id`, `No_of_samples`, `Albums_Album_id`, `Orders_idOrders`, `Item_price`) VALUES ('74', '3', '36', '64', '60');
INSERT INTO `music_store_online`.`order_items` (`Item_id`, `No_of_samples`, `Albums_Album_id`, `Orders_idOrders`, `Item_price`) VALUES ('75', '6', '35', '65', '60');
INSERT INTO `music_store_online`.`order_items` (`Item_id`, `No_of_samples`, `Albums_Album_id`, `Orders_idOrders`, `Item_price`) VALUES ('76', '4', '34', '66', '60');
INSERT INTO `music_store_online`.`order_items` (`Item_id`, `No_of_samples`, `Albums_Album_id`, `Orders_idOrders`, `Item_price`) VALUES ('77', '4', '25', '67', '60');
INSERT INTO `music_store_online`.`order_items` (`Item_id`, `No_of_samples`, `Albums_Album_id`, `Orders_idOrders`, `Item_price`) VALUES ('78', '2', '24', '68', '28');
INSERT INTO `music_store_online`.`order_items` (`Item_id`, `No_of_samples`, `Albums_Album_id`, `Orders_idOrders`, `Item_price`) VALUES ('79', '6', '23', '69', '28');
INSERT INTO `music_store_online`.`order_items` (`Item_id`, `No_of_samples`, `Albums_Album_id`, `Orders_idOrders`, `Item_price`) VALUES ('80', '9', '22', '70', '28');